id,name,full_name,region,zone,search_text
0062fec0-5832-45cd-a12a-635992b035cc,ጊኒር,"ጊኒር, ባሌ, ኦሮሚያ",ኦሮሚያ,ባሌ,ጊኒር ባሌ ኦሮሚያ
028a4612-d20f-4493-a363-cff0b63d9f52,አቢ አዲ,"አቢ አዲ, ማዕከላዊ, ትግራይ",ትግራይ,ማዕከላዊ,አቢ አዲ ማዕከላዊ ትግራይ
041a1db4-1e91-4c63-b6f8-5a461962c75d,ይፋግ,"ይፋግ, ደቡብ ጎንደር, አማራ",አማራ,ደቡብ ጎንደር,ይፋግ ደቡብ ጎንደር አማራ
0478c2c2-6bcd-4953-85a1-de54691213e8,አቡ መንዲ,"አቡ መንዲ, መተከል, ቤኒሻንጉል ጉሙዝ",ቤኒሻንጉል ጉሙዝ,መተከል,አቡ መንዲ መተከል ቤኒሻንጉል ጉሙዝ
05b35f44-1739-4d6e-8efb-678b948d0899,ናርጋዳጋ ደሴት,"ናርጋዳጋ ደሴት, ሰሜን ጎንደር, አማራ",አማራ,ሰሜን ጎንደር,ናርጋዳጋ ደሴት ሰሜን ጎንደር አማራ
05dbca2d-f4aa-46ac-9e6c-2b0e4de76028,መልካ ቴካ,"መልካ ቴካ, ጎዴ, ሶማሊ",ሶማሊ,ጎዴ,መልካ ቴካ ጎዴ ሶማሊ
06864cd9-391b-427c-bacd-7fa43db98c94,አግቤ,"አግቤ, ማዕከላዊ, ትግራይ",ትግራይ,ማዕከላዊ,አግቤ ማዕከላዊ ትግራይ
068a309f-ecc4-4494-9837-325a5847d221,ጎበሳ,"ጎበሳ, አርሲ, ኦሮሚያ",ኦሮሚያ,አርሲ,ጎበሳ አርሲ ኦሮሚያ
06dae99c-4a42-4996-a763-fdd37d6b15ea,ዳንግላ,"ዳንግላ, አገው አዊ, አማራ",አማራ,አገው አዊ,ዳንግላ አገው አዊ አማራ
07737542-3a68-463d-85ba-3577104243f5,ጋሳይ,"ጋሳይ, ደቡብ ጎንደር, አማራ",አማራ,ደቡብ ጎንደር,ጋሳይ ደቡብ ጎንደር አማራ
07740121-ea5e-408c-9c45-2ee5487ef7f5,አዲስ ቅዳሜ,"አዲስ ቅዳሜ, አገው አዊ, አማራ",አማራ,አገው አዊ,አዲስ ቅዳሜ አገው አዊ አማራ
0877c686-f0a8-49ca-9461-3d0e339159e2,ዋሃጻ,"ዋሃጻ, አገው አዊ, አማራ",አማራ,አገው አዊ,ዋሃጻ አገው አዊ አማራ
09e36fa3-af9f-4194-8517-ca7da177290a,ጎርጎራ,"ጎርጎራ, ምዕራብ ጎጃም, አማራ",አማራ,ምዕራብ ጎጃም,ጎርጎራ ምዕራብ ጎጃም አማራ
0a0f811c-cafe-4999-b381-0884775388f6,ኤል ቢኦባ,"ኤል ቢኦባ, አፍዴር, ሶማሊ",ሶማሊ,አፍዴር,ኤል ቢኦባ አፍዴር ሶማሊ
0a1131a7-07a3-466e-847a-4d93b0b7144c,ሚሌ,"ሚሌ, አፋር ዞን 1, አፋር",አፋር,አፋር ዞን 1,ሚሌ አፋር ዞን 1 አፋር
0a95a143-587d-4dbe-9e9b-750422ef52da,ተንዳሆ,"ተንዳሆ, አፋር ዞን 1, አፋር",አፋር,አፋር ዞን 1,ተንዳሆ አፋር ዞን 1 አፋር
0b9020b7-e838-43e9-b14e-0d51f7485446,አዲስ ኪዳን,"አዲስ ኪዳን, አገው አዊ, አማራ",አማራ,አገው አዊ,አዲስ ኪዳን አገው አዊ አማራ
0b9b5728-ccb8-496c-8daf-d067fc9e644a,ደጎማ,"ደጎማ, ሰሜን ጎንደር, አማራ",አማራ,ሰሜን ጎንደር,ደጎማ ሰሜን ጎንደር አማራ
0eb7fdc3-3f46-41c7-aec1-13bc31142a78,አዲ ጉዶም,"አዲ ጉዶም, ደቡባዊ, ትግራይ",ትግራይ,ደቡባዊ,አዲ ጉዶም ደቡባዊ ትግራይ
0f99bb62-aca0-4c19-b885-6b91b87d7bf6,ጭፍራ,"ጭፍራ, አፋር ዞን 1, አፋር",አፋር,አፋር ዞን 1,ጭፍራ አፋር ዞን 1 አፋር
10783a74-9408-4075-a918-217b05033dfb,ቦንጋ,"ቦንጋ, ከፊቾ ሸኪቾ, ደቡብ ብሔሮች ብሔረሰቦችና ሕዝቦች ክልል",ደቡብ ብሔሮች ብሔረሰቦችና ሕዝቦች ክልል,ከፊቾ ሸኪቾ,ቦንጋ ከፊቾ ሸኪቾ ደቡብ ብሔሮች ብሔረሰቦችና ሕዝቦች ክልል
10a313c2-46bb-4eae-960e-d2aa8aea5194,ጎስ,"ጎስ, ደገሃቡር, ሶማሊ",ሶማሊ,ደገሃቡር,ጎስ ደገሃቡር ሶማሊ
116f2554-0593-4b2b-a7a7-5acaa754e2b7,አቃቂ በሰቃ,"አቃቂ በሰቃ, አዲስ አበባ ዞን 6, አዲስ አበባ",አዲስ አበባ,አዲስ አበባ ዞን 6,አቃቂ በሰቃ አዲስ አበባ ዞን 6 አዲስ አበባ
13479647-eb15-40c1-8929-389f5e6516a5,ወንበርያ,"ወንበርያ, ምዕራብ ጎጃም, አማራ",አማራ,ምዕራብ ጎጃም,ወንበርያ ምዕራብ ጎጃም አማራ
13fbcf4a-9350-4673-a370-f1e58e1395d8,ቡቺዮ,"ቡቺዮ, አርሲ, ኦሮሚያ",ኦሮሚያ,አርሲ,ቡቺዮ አርሲ ኦሮሚያ
14715021-dca1-4cf4-8d3c-52b5001fa662,ሸሃዳ,"ሸሃዳ, ዋርዴር, ሶማሊ",ሶማሊ,ዋርዴር,ሸሃዳ ዋርዴር ሶማሊ
149f89dc-7004-4e25-a644-695009602957,ሶርፍታ,"ሶርፍታ, ባሌ, ኦሮሚያ",ኦሮሚያ,ባሌ,ሶርፍታ ባሌ ኦሮሚያ
15d1470b-9463-4f99-82a3-366e9f598f26,ሳሊ,"ሳሊ, ደቡብ ጎንደር, አማራ",አማራ,ደቡብ ጎንደር,ሳሊ ደቡብ ጎንደር አማራ
1610a19d-f500-48f1-b958-90f49c744218,አደሌ,"አደሌ, አርሲ, ኦሮሚያ",ኦሮሚያ,አርሲ,አደሌ አርሲ ኦሮሚያ
16e8d93b-3694-4ee4-8477-ac04d43cec83,ሃሙሲት,"ሃሙሲት, ሰሜን ወሎ, አማራ",አማራ,ሰሜን ወሎ,ሃሙሲት ሰሜን ወሎ አማራ
16f14b36-6c5b-4e4c-87cf-99352d13995d,ደዳይ,"ደዳይ, አፋር ዞን 1, አፋር",አፋር,ኬክሮስ,ደዳይ አፋር ዞን 1 አፋር ደዳይ ደዳይ
179d7e04-6dd9-4069-a353-8c139fd2f82b,ዋራንዳብ,"ዋራንዳብ, ኮራሄ, ሶማሊ",ሶማሊ,ኮራሄ,ዋራንዳብ ኮራሄ ሶማሊ
17e610b1-3c04-4ab8-9df8-20174f4f8ea5,ኪቢሽ,"ኪቢሽ, ቤንች ማጂ, ደቡብ ብሔሮች ብሔረሰቦችና ሕዝቦች ክልል",ደቡብ ብሔሮች ብሔረሰቦችና ሕዝቦች ክልል,ቤንች ማጂ,ኪቢሽ ቤንች ማጂ ደቡብ ብሔሮች ብሔረሰቦችና ሕዝቦች ክልል
180ec5b9-4f0a-428e-85d2-8ee92a70e490,ሁሩታ,"ሁሩታ, አርሲ, ኦሮሚያ",ኦሮሚያ,አርሲ,ሁሩታ አርሲ ኦሮሚያ
1814e353-20d5-4de7-a782-fd19b642c235,ሸሀት,"ሸሀት, አፋር ዞን 2, አፋር",አፋር,አፋር ዞን 2,ሸሀት አፋር ዞን 2 አፋር
1a20a5c4-c056-4f97-8ace-b66491d2ddbb,ታርቻ ሶዶ,"ታርቻ ሶዶ, ሰሜን ኦሞ, ደቡብ ብሔሮች ብሔረሰቦችና ሕዝቦች ክልል",ደቡብ ብሔሮች ብሔረሰቦችና ሕዝቦች ክልል,ሰሜን ኦሞ,ታርቻ ሶዶ ሰሜን ኦሞ ደቡብ ብሔሮች ብሔረሰቦችና ሕዝቦች ክልል
1b67f963-3923-4664-936b-6d827f2d9fdf,አምባ ማድሬ,"አምባ ማድሬ, ምዕራባዊ, ትግራይ",ትግራይ,ምዕራባዊ,አምባ ማድሬ ምዕራባዊ ትግራይ
1c12678d-72dc-4505-b765-824b3c10c5c5,ዳሎል,"ዳሎል, አፋር ዞን 2, አፋር",አፋር,አፋር ዞን 2,ዳሎል አፋር ዞን 2 አፋር
1d9d52f4-6a35-4583-94f0-46bf93398bf5,ትሬና,"ትሬና, አፋር ዞን 3, አፋር",አፋር,አፋር ዞን 3,ትሬና አፋር ዞን 3 አፋር
1dfd02a4-3277-430f-87c2-f712933e0672,ሀስኩል,"ሀስኩል, ደገሃቡር, ሶማሊ",ሶማሊ,ደገሃቡር,ሀስኩል ደገሃቡር ሶማሊ
1e047aac-ef8d-40f5-8ed8-51d71a075f7e,ቀይ አፈር,"ቀይ አፈር, ደቡብ ኦሞ, ደቡብ ብሔሮች ብሔረሰቦችና ሕዝቦች ክልል",ደቡብ ብሔሮች ብሔረሰቦችና ሕዝቦች ክልል,ደቡብ ኦሞ,ቀይ አፈር ደቡብ ኦሞ ደቡብ ብሔሮች ብሔረሰቦችና ሕዝቦች ክልል
1e87f8be-2ece-4a2e-a7e4-d3b769dff125,ቱሉ ሚልኪ,"ቱሉ ሚልኪ, ሰሜን ሸዋ, ኦሮሚያ",ኦሮሚያ,ሰሜን ሸዋ,ቱሉ ሚልኪ ሰሜን ሸዋ ኦሮሚያ
21760976-50b2-4e10-b1d3-2347aa90b786,አጋርፋ,"አጋርፋ, ባሌ, ኦሮሚያ",ኦሮሚያ,ባሌ,አጋርፋ ባሌ ኦሮሚያ
2267990e-16f4-4796-b0fa-85feaaa34521,ቀርሳ,"ቀርሳ, ድሬ ዳዋ, ድሬ ዳዋ",ድሬ ዳዋ,ድሬ ዳዋ,ቀርሳ ድሬ ዳዋ ድሬ ዳዋ
2596d202-b97a-47d5-aa44-ae12ec7f8d69,አመያ,"አመያ, ሰሜን ኦሞ, ደቡብ ብሔሮች ብሔረሰቦችና ሕዝቦች ክልል",ደቡብ ብሔሮች ብሔረሰቦችና ሕዝቦች ክልል,ሰሜን ኦሞ,አመያ ሰሜን ኦሞ ደቡብ ብሔሮች ብሔረሰቦችና ሕዝቦች ክልል
263932f2-5367-42e9-95cc-580893ca57ab,ባቁሌ,"ባቁሌ, ሰሜን ኦሞ, ደቡብ ብሔሮች ብሔረሰቦችና ሕዝቦች ክልል",ደቡብ ብሔሮች ብሔረሰቦችና ሕዝቦች ክልል,ሰሜን ኦሞ,ባቁሌ ሰሜን ኦሞ ደቡብ ብሔሮች ብሔረሰቦችና ሕዝቦች ክልል
274ad8d8-dd92-4c5a-8b95-90f6412b94d2,ነፋስ መውጫ,"ነፋስ መውጫ, ደቡብ ጎንደር, አማራ",አማራ,ደቡብ ጎንደር,ነፋስ መውጫ ደቡብ ጎንደር አማራ
29b5b940-ed03-4c50-a330-c3ed652b94bd,ዱዱብ,"ዱዱብ, ዋርዴር, ሶማሊ",ሶማሊ,ዋርዴር,ዱዱብ ዋርዴር ሶማሊ
2b498f3b-6e7b-4aaa-a89c-e4e621a9543b,ሰሪቲ,"ሰሪቲ, ጋምቤላ ዞን 1, ጋምቤላ",ጋምቤላ,ጋምቤላ ዞን 1,ሰሪቲ ጋምቤላ ዞን 1 ጋምቤላ
2c02317c-4f49-4525-8312-cea563bd9657,ፈርፈር,"ፈርፈር, አፍዴር, ሶማሊ",ሶማሊ,አፍዴር,ፈርፈር አፍዴር ሶማሊ
2dcdd0c6-2519-41aa-b8db-4e3f60c3254a,ቦፓ,"ቦፓ, ደቡብ ኦሞ, ደቡብ ብሔሮች ብሔረሰቦችና ሕዝቦች ክልል",ደቡብ ብሔሮች ብሔረሰቦችና ሕዝቦች ክልል,ደቡብ ኦሞ,ቦፓ ደቡብ ኦሞ ደቡብ ብሔሮች ብሔረሰቦችና ሕዝቦች ክልል
2e716bee-fa12-4bdb-b640-b711201084d4,አዲ ሳቃ,"አዲ ሳቃ, ምዕራባዊ, ትግራይ",ትግራይ,ምዕራባዊ,አዲ ሳቃ ምዕራባዊ ትግራይ
2efd3850-9b5d-4834-b649-9fba811e084c,ዊሻዬ,"ዊሻዬ, ሰሜን ኦሞ, ደቡብ ብሔሮች ብሔረሰቦችና ሕዝቦች ክልል",ደቡብ ብሔሮች ብሔረሰቦችና ሕዝቦች ክልል,ሰሜን ኦሞ,ዊሻዬ ሰሜን ኦሞ ደቡብ ብሔሮች ብሔረሰቦችና ሕዝቦች ክልል
2fc78665-21b0-43fc-b4af-96f867b137b0,ጨሌ,"ጨሌ, ቤንች ማጂ, ደቡብ ብሔሮች ብሔረሰቦችና ሕዝቦች ክልል",ደቡብ ብሔሮች ብሔረሰቦችና ሕዝቦች ክልል,ቤንች ማጂ,ጨሌ ቤንች ማጂ ደቡብ ብሔሮች ብሔረሰቦችና ሕዝቦች ክልል
30a15468-38cd-4b41-b3e2-22eda40ed351,ጋርዶር,"ጋርዶር, ደገሃቡር, ሶማሊ",ሶማሊ,ደገሃቡር,ጋርዶር ደገሃቡር ሶማሊ
31790427-1cd7-4a34-9524-113b046a72e1,አይከል,"አይከል, ሰሜን ጎንደር, አማራ",አማራ,ሰሜን ጎንደር,አይከል ሰሜን ጎንደር አማራ
322dc950-70f2-4347-b562-2ac5515009fa,መልካ ባፈታ,"መልካ ባፈታ, ጎዴ, ሶማሊ",ሶማሊ,ጎዴ,መልካ ባፈታ ጎዴ ሶማሊ
325edda7-572d-4d4e-b63f-e13d4a196b53,አሳሳ,"አሳሳ, አርሲ, ኦሮሚያ",ኦሮሚያ,አርሲ,አሳሳ አርሲ ኦሮሚያ
3279fb8a-3ad3-4b3b-8935-ff8d9c9202bc,ፍኖተ ሰላም,"ፍኖተ ሰላም, ምዕራብ ጎጃም, አማራ",አማራ,ምዕራብ ጎጃም,ፍኖተ ሰላም ምዕራብ ጎጃም አማራ
33e4c136-e33b-4d79-be44-7f96e8685f47,ወይጦ,"ወይጦ, ደቡብ ኦሞ, ደቡብ ብሔሮች ብሔረሰቦችና ሕዝቦች ክልል",ደቡብ ብሔሮች ብሔረሰቦችና ሕዝቦች ክልል,ደቡብ ኦሞ,ወይጦ ደቡብ ኦሞ ደቡብ ብሔሮች ብሔረሰቦችና ሕዝቦች ክልል
34492a5c-4a6e-469d-829c-79222bc692cc,ሳምሬ,"ሳምሬ, ደቡባዊ, ትግራይ",ትግራይ,ደቡባዊ,ሳምሬ ደቡባዊ ትግራይ
34c3ad09-12aa-4a49-aa40-afbd828d4704,ኮሎሎ,"ኮሎሎ, ባሌ, ኦሮሚያ",ኦሮሚያ,ባሌ,ኮሎሎ ባሌ ኦሮሚያ
34dc974b-1e91-4b9c-b988-f4f71c23319f,ቃሪ,"ቃሪ, አርሲ, ኦሮሚያ",ኦሮሚያ,አርሲ,ቃሪ አርሲ ኦሮሚያ
356cb56e-4ec4-4137-9d41-54d9f68ea7c1,ቦዶሎ,"ቦዶሎ, ሰሜን ኦሞ, ደቡብ ብሔሮች ብሔረሰቦችና ሕዝቦች ክልል",ደቡብ ብሔሮች ብሔረሰቦችና ሕዝቦች ክልል,ሰሜን ኦሞ,ቦዶሎ ሰሜን ኦሞ ደቡብ ብሔሮች ብሔረሰቦችና ሕዝቦች ክልል
358ad905-cadf-49f1-9d91-a36a5881e0d7,ሲቶና,"ሲቶና, ምዕራባዊ, ትግራይ",ትግራይ,ምዕራባዊ,ሲቶና ምዕራባዊ ትግራይ
3634767a-6d04-452a-ad15-699ec88dae34,ማይ ቅነጣል,"ማይ ቅነጣል, ማዕከላዊ, ትግራይ",ትግራይ,ማዕከላዊ,ማይ ቅነጣል ማዕከላዊ ትግራይ
36592915-3fa7-4977-9aa7-6d9ffbe36dd4,ደብረ ማይ,"ደብረ ማይ, ምዕራብ ጎጃም, አማራ",አማራ,ምዕራብ ጎጃም,ደብረ ማይ ምዕራብ ጎጃም አማራ
36a1e645-c533-45a1-b786-bca642dc2235,ደሀን,"ደሀን, ፊቅ, ሶማሊ",ሶማሊ,ፊቅ,ደሀን ፊቅ ሶማሊ
371b8485-720e-4e7a-8fee-074cbda8df4f,ሸዋ ጊሚራ,"ሸዋ ጊሚራ, ከፊቾ ሸኪቾ, ደቡብ ብሔሮች ብሔረሰቦችና ሕዝቦች ክልል",ደቡብ ብሔሮች ብሔረሰቦችና ሕዝቦች ክልል,ከፊቾ ሸኪቾ,ሸዋ ጊሚራ ከፊቾ ሸኪቾ ደቡብ ብሔሮች ብሔረሰቦችና ሕዝቦች ክልል
39bb347b-d55c-4c34-9900-3bd253664667,እዲዶሌ,"እዲዶሌ, ጎዴ, ሶማሊ",ሶማሊ,ጎዴ,እዲዶሌ ጎዴ ሶማሊ
3a3a8266-0783-405e-98fb-0b140e11a6e3,መተማ,"መተማ, ሰሜን ጎንደር, አማራ",አማራ,ሰሜን ጎንደር,መተማ ሰሜን ጎንደር አማራ
3b355309-ee7d-45bb-a7f0-0eb7fd556843,ብልባሆ,"ብልባሆ, ደቡብ ጎንደር, አማራ",አማራ,ደቡብ ጎንደር,ብልባሆ ደቡብ ጎንደር አማራ
3b701dd0-7fce-434a-8e1e-d2c2118bcf50,ኤል ፉድ,"ኤል ፉድ, ደገሃቡር, ሶማሊ",ሶማሊ,ደገሃቡር,ኤል ፉድ ደገሃቡር ሶማሊ
3b9fcac0-84af-42de-9e6e-ccef384cdfca,በቆጂ,"በቆጂ, አርሲ, ኦሮሚያ",ኦሮሚያ,አርሲ,በቆጂ አርሲ ኦሮሚያ
3beba845-7b84-4f20-a1ef-15ab44fd9053,ሼክ ሁሴን,"ሼክ ሁሴን, አርሲ, ኦሮሚያ",ኦሮሚያ,አርሲ,ሼክ ሁሴን አርሲ ኦሮሚያ
3bf7dee8-0f3e-4d84-9168-f1b28ca6c556,ሱልሱል,"ሱልሱል, አፍዴር, ሶማሊ",ሶማሊ,አፍዴር,ሱልሱል አፍዴር ሶማሊ
3c07689e-9635-4975-bb07-9660f23cee9e,አብደራፊ,"አብደራፊ, ሰሜን ጎንደር, አማራ",አማራ,ሰሜን ጎንደር,አብደራፊ ሰሜን ጎንደር አማራ
3cc64efd-86cb-4bef-85bd-e5927fb7739e,ጊያዳበሌ,"ጊያዳበሌ, ኮራሄ, ሶማሊ",ሶማሊ,ኮራሄ,ጊያዳበሌ ኮራሄ ሶማሊ
3dd33cb3-4fca-4a4f-87db-59331bd2f5bc,ቡልቺ,"ቡልቺ, ደቡብ ኦሞ, ደቡብ ብሔሮች ብሔረሰቦችና ሕዝቦች ክልል",ደቡብ ብሔሮች ብሔረሰቦችና ሕዝቦች ክልል,ደቡብ ኦሞ,ቡልቺ ደቡብ ኦሞ ደቡብ ብሔሮች ብሔረሰቦችና ሕዝቦች ክልል
3e2eb094-f307-4d36-9fbf-2f342e0a6bae,ባኮ,"ባኮ, ደቡብ ኦሞ, ደቡብ ብሔሮች ብሔረሰቦችና ሕዝቦች ክልል",ደቡብ ብሔሮች ብሔረሰቦችና ሕዝቦች ክልል,ደቡብ ኦሞ,ባኮ ደቡብ ኦሞ ደቡብ ብሔሮች ብሔረሰቦችና ሕዝቦች ክልል
3ef1ce4b-3c4a-4dfe-8888-7f4155707db1,ዋኛ,"ዋኛ, ሰሜን ጎንደር, አማራ",አማራ,ሰሜን ጎንደር,ዋኛ ሰሜን ጎንደር አማራ
40a9b715-b988-4ff7-9ba1-1a832f17f680,ገሲ,"ገሲ, ጋምቤላ ዞን 2, ጋምቤላ",ጋምቤላ,ጋምቤላ ዞን 2,ገሲ ጋምቤላ ዞን 2 ጋምቤላ
429d5c3c-d1e4-4520-a5a5-eb5fce2390f3,ኮፈሌ,"ኮፈሌ, አርሲ, ኦሮሚያ",ኦሮሚያ,አርሲ,ኮፈሌ አርሲ ኦሮሚያ
436a06ec-29f1-437e-a1dd-51c2823095f7,ጎሮ,"ጎሮ, ባሌ, ኦሮሚያ",ኦሮሚያ,ባሌ,ጎሮ ባሌ ኦሮሚያ
44a05903-467f-4117-bf1d-25f4f4fdc568,ኡሩኩር,"ኡሩኩር, አፋር ዞን 2, አፋር",አፋር,አፋር ዞን 2,ኡሩኩር አፋር ዞን 2 አፋር
44f49d98-1ddd-4b55-825e-14351971aade,ኦቦርሶ,"ኦቦርሶ, ባሌ, ኦሮሚያ",ኦሮሚያ,ባሌ,ኦቦርሶ ባሌ ኦሮሚያ
44fb2ef5-3628-4a09-90e3-0c3d0ec681b1,ጎሎልቻ,"ጎሎልቻ, አርሲ, ኦሮሚያ",ኦሮሚያ,አርሲ,ጎሎልቻ አርሲ ኦሮሚያ
457c15d4-dbe1-4b71-9787-5b6b4ff2746c,ጎራ,"ጎራ, ደቡብ ኦሞ, ደቡብ ብሔሮች ብሔረሰቦችና ሕዝቦች ክልል",ደቡብ ብሔሮች ብሔረሰቦችና ሕዝቦች ክልል,ደቡብ ኦሞ,ጎራ ደቡብ ኦሞ ደቡብ ብሔሮች ብሔረሰቦችና ሕዝቦች ክልል
467c5dd5-95a7-4eb7-ad48-f77209bca249,ኤሊዳአር,"ኤሊዳአር, አፋር ዞን 1, አፋር",አፋር,አፋር ዞን 1,ኤሊዳአር አፋር ዞን 1 አፋር
47d2ac7a-9ff7-4bce-b542-251e73839c18,ፈረጎሳ,"ፈረጎሳ, ሰሜን ኦሞ, ደቡብ ብሔሮች ብሔረሰቦችና ሕዝቦች ክልል",ደቡብ ብሔሮች ብሔረሰቦችና ሕዝቦች ክልል,ሰሜን ኦሞ,ፈረጎሳ ሰሜን ኦሞ ደቡብ ብሔሮች ብሔረሰቦችና ሕዝቦች ክልል
4804c551-2a3e-4dab-b81d-2c57618e2bcf,ቢልቢሎ,"ቢልቢሎ, አርሲ, ኦሮሚያ",ኦሮሚያ,አርሲ,ቢልቢሎ አርሲ ኦሮሚያ
482eaf1c-1d8a-461a-aa87-7483de078838,ዲበር ዊን,"ዲበር ዊን, ደገሃቡር, ሶማሊ",ሶማሊ,ደገሃቡር,ዲበር ዊን ደገሃቡር ሶማሊ
4893de99-585c-4bb4-9e80-129dca7549fc,ጉልታ,"ጉልታ, ሰሜን ኦሞ, ደቡብ ብሔሮች ብሔረሰቦችና ሕዝቦች ክልል",ደቡብ ብሔሮች ብሔረሰቦችና ሕዝቦች ክልል,ሰሜን ኦሞ,ጉልታ ሰሜን ኦሞ ደቡብ ብሔሮች ብሔረሰቦችና ሕዝቦች ክልል
4905cbca-d7ab-4f49-aeb3-7d809ff90f78,ገቻ,"ገቻ, ከፊቾ ሸኪቾ, ደቡብ ብሔሮች ብሔረሰቦችና ሕዝቦች ክልል",ደቡብ ብሔሮች ብሔረሰቦችና ሕዝቦች ክልል,ከፊቾ ሸኪቾ,ገቻ ከፊቾ ሸኪቾ ደቡብ ብሔሮች ብሔረሰቦችና ሕዝቦች ክልል
49ce0cc5-5774-40e6-9477-7b768985186f,ጋዋኒ,"ጋዋኒ, አፋር ዞን 3, አፋር",አፋር,አፋር ዞን 3,ጋዋኒ አፋር ዞን 3 አፋር
49e493f9-9989-4dfd-b676-96afce786815,ቢርኮት,"ቢርኮት, ደገሃቡር, ሶማሊ",ሶማሊ,ደገሃቡር,ቢርኮት ደገሃቡር ሶማሊ
4a98e4d3-5e1e-46bd-bba1-403ef2b105f7,ቃሊ,"ቃሊ, ምዕራባዊ, ትግራይ",ትግራይ,ምዕራባዊ,ቃሊ ምዕራባዊ ትግራይ
4a9efdfa-819d-4654-8158-d2e353657ae4,ጎባ,"ጎባ, ባሌ, ኦሮሚያ",ኦሮሚያ,ባሌ,ጎባ ባሌ ኦሮሚያ
4b72a911-26e9-416c-ba8c-ef88253276db,ጎልጄ ጊዮርጊስ ቤተ ክርስቲያን,"ጎልጄ ጊዮርጊስ ቤተ ክርስቲያን, ሰሜን ሸዋ, ኦሮሚያ",ኦሮሚያ,ሰሜን ሸዋ,ጎልጄ ጊዮርጊስ ቤተ ክርስቲያን ሰሜን ሸዋ ኦሮሚያ
4bc259ea-b7bd-4b21-92e8-114537b78762,ማይ ባርያ,"ማይ ባርያ, ምዕራባዊ, ትግራይ",ትግራይ,ምዕራባዊ,ማይ ባርያ ምዕራባዊ ትግራይ
4c15d0a7-1c3c-4c6d-afe6-e096455089c3,አዲግራት,"አዲግራት, ምስራቃዊ, ትግራይ",ትግራይ,ምስራቃዊ,አዲግራት ምስራቃዊ ትግራይ
4c6a88e3-c661-418b-b463-b49702b26da3,አክሱም,"አክሱም, ማዕከላዊ, ትግራይ",ትግራይ,ማዕከላዊ,አክሱም ማዕከላዊ ትግራይ
4cb43fb6-e57e-45bd-817e-38c17b748b88,እንጅባራ,"እንጅባራ, አገው አዊ, አማራ",አማራ,አገው አዊ,እንጅባራ አገው አዊ አማራ
4dfb9752-8b80-4f75-8b19-33796a21ca98,ባሌህ አድ,"ባሌህ አድ, ዋርዴር, ሶማሊ",ሶማሊ,ዋርዴር,ባሌህ አድ ዋርዴር ሶማሊ
4ec3255d-7df6-4042-934f-dcbf0a417a7a,አዲስ አበባ,"አዲስ አበባ, አዲስ አበባ ዞን 1",አዲስ አበባ,አዲስ አበባ ዞን 1,አዲስ አበባ አዲስ አበባ ዞን 1 አዲስ አበባ
4fd2b10d-e7e5-417d-bf12-af3966bd6369,ሱሉልታ,"ሱሉልታ, ሰሜን ሸዋ, ኦሮሚያ",ኦሮሚያ,ሰሜን ሸዋ,ሱሉልታ ሰሜን ሸዋ ኦሮሚያ
50049015-cf4d-45ad-b5e4-4b6d6b3788ba,ገለበዳ,"ገለበዳ, ማዕከላዊ, ትግራይ",ትግራይ,ማዕከላዊ,ገለበዳ ማዕከላዊ ትግራይ
51153d41-257b-4348-a335-9f3598b98f92,ድሬ ዳዋ,ድሬ ዳዋ,ድሬ ዳዋ,ድሬ ዳዋ,ድሬ ዳዋ ድሬ ዳዋ ድሬ ዳዋ
5119402f-6e46-4c16-b8e8-d973e8ae6bff,ደርማዱ,"ደርማዱ, አፋር ዞን 1, አፋር",አፋር,አፋር ዞን 1,ደርማዱ አፋር ዞን 1 አፋር
514c1b19-b406-4a01-a37d-8f70cc536110,ጭዳ,"ጭዳ, ሰሜን ኦሞ, ደቡብ ብሔሮች ብሔረሰቦችና ሕዝቦች ክልል",ደቡብ ብሔሮች ብሔረሰቦችና ሕዝቦች ክልል,ሰሜን ኦሞ,ጭዳ ሰሜን ኦሞ ደቡብ ብሔሮች ብሔረሰቦችና ሕዝቦች ክልል
51666ad3-8725-45c0-8560-6002e659dc34,ቡምባዲ,"ቡምባዲ, መተከል, ቤኒሻንጉል ጉሙዝ",ቤኒሻንጉል ጉሙዝ,መተከል,ቡምባዲ መተከል ቤኒሻንጉል ጉሙዝ
51cc0275-7ee5-40df-bc33-e66fad969d98,ይርጋ,"ይርጋ, ምዕራባዊ, ትግራይ",ትግራይ,ምዕራባዊ,ይርጋ ምዕራባዊ ትግራይ
525e89aa-a54b-4804-8a28-67fcdb703668,ሸኖ,"ሸኖ, ሰሜን ሸዋ, ኦሮሚያ",ኦሮሚያ,ሰሜን ሸዋ,ሸኖ ሰሜን ሸዋ ኦሮሚያ
526f2a7a-4f5b-4b62-bc5d-2d3aa1c851fe,ጎንደር,"ጎንደር, ሰሜን ጎንደር, አማራ",አማራ,ሰሜን ጎንደር,ጎንደር ሰሜን ጎንደር አማራ
52e2dd45-1305-42a6-afb6-11e85a33a15f,መቀሌ,"መቀሌ, ደቡባዊ, ትግራይ",ትግራይ,ደቡባዊ,መቀሌ ደቡባዊ ትግራይ
53205448-74f1-4aa3-9d99-7231206c3009,ደርባ,"ደርባ, አማሮ ልዩ ወረዳ, ደቡብ ብሔሮች ብሔረሰቦችና ሕዝቦች ክልል",ደቡብ ብሔሮች ብሔረሰቦችና ሕዝቦች ክልል,አማሮ ልዩ ወረዳ,ደርባ አማሮ ልዩ ወረዳ ደቡብ ብሔሮች ብሔረሰቦችና ሕዝቦች ክልል
53ce6f2d-e726-488e-95ac-56e159ae3377,አዋሽ,"አዋሽ, አፋር ዞን 3, አፋር",አፋር,አፋር ዞን 3,አዋሽ አፋር ዞን 3 አፋር
53df7dcc-a1ae-4589-be72-47ca32d28db2,ዛንጋ,"ዛንጋ, ሰሜን ኦሞ, ደቡብ ብሔሮች ብሔረሰቦችና ሕዝቦች ክልል",ደቡብ ብሔሮች ብሔረሰቦችና ሕዝቦች ክልል,ሰሜን ኦሞ,ዛንጋ ሰሜን ኦሞ ደቡብ ብሔሮች ብሔረሰቦችና ሕዝቦች ክልል
542c7b17-de56-4197-9289-0a6760dadb76,ገዳቢየት,"ገዳቢየት, ሰሜን ጎንደር, አማራ",አማራ,ሰሜን ጎንደር,ገዳቢየት ሰሜን ጎንደር አማራ
549a3c3d-f76f-4963-b073-6487380ed856,ጂንካ,"ጂንካ, ደቡብ ኦሞ, ደቡብ ብሔሮች ብሔረሰቦችና ሕዝቦች ክልል",ደቡብ ብሔሮች ብሔረሰቦችና ሕዝቦች ክልል,ደቡብ ኦሞ,ጂንካ ደቡብ ኦሞ ደቡብ ብሔሮች ብሔረሰቦችና ሕዝቦች ክልል
54dec2c1-b0cd-408a-b37f-e173a4bc132b,አበርተጌ,"አበርተጌ, ሰሜን ጎንደር, አማራ",አማራ,ሰሜን ጎንደር,አበርተጌ ሰሜን ጎንደር አማራ
559fcf6d-d87c-4fcd-87d2-7abade6c467e,አሊቶ,"አሊቶ, አፋር ዞን 1, አፋር",አፋር,አፋር ዞን 1,አሊቶ አፋር ዞን 1 አፋር
56438cd9-107d-4e60-a7c8-a7df3d422bff,ቶጎ በር,"ቶጎ በር, ምዕራባዊ, ትግራይ",ትግራይ,ምዕራባዊ,ቶጎ በር ምዕራባዊ ትግራይ
579221d5-0cac-4e73-b5a2-cf75cea2d63c,አዲ ዳይሮ,"አዲ ዳይሮ, ምዕራባዊ, ትግራይ",ትግራይ,ምዕራባዊ,አዲ ዳይሮ ምዕራባዊ ትግራይ
583f478b-9027-49c8-831c-5cca63059fcb,ቆሲ,"ቆሲ, ባሌ, ኦሮሚያ",ኦሮሚያ,ባሌ,ቆሲ ባሌ ኦሮሚያ
587299c1-281d-4d06-ab23-5f97780a3912,ጭያም,"ጭያም, ጋምቤላ ዞን 2, ጋምቤላ",ጋምቤላ,ጋምቤላ ዞን 2,ጭያም ጋምቤላ ዞን 2 ጋምቤላ
5a07bd1f-46c0-4a31-940c-b2fe35cf7fb1,ሰሩ,"ሰሩ, አርሲ, ኦሮሚያ",ኦሮሚያ,አርሲ,ሰሩ አርሲ ኦሮሚያ
5a8a16a1-7636-4679-8d16-0ad96261d5fe,መና,"መና, ባሌ, ኦሮሚያ",ኦሮሚያ,ባሌ,መና ባሌ ኦሮሚያ
5aecb4b1-d133-43a5-89cc-5ed04ce5cec4,ቶሪ,"ቶሪ, ጋምቤላ ዞን 3, ጋምቤላ",ጋምቤላ,ጋምቤላ ዞን 3,ቶሪ ጋምቤላ ዞን 3 ጋምቤላ
5b2dfc92-15bf-4d4a-91f0-0db2c6795ab1,በቀቅሳ,"በቀቅሳ, አርሲ, ኦሮሚያ",ኦሮሚያ,አርሲ,በቀቅሳ አርሲ ኦሮሚያ
5c7a092c-3c22-44f0-b3c9-0be9e9fa8a28,አራሃ,"አራሃ, አፋር ዞን 3, አፋር",አፋር,አፋር ዞን 3,አራሃ አፋር ዞን 3 አፋር
5cc3912d-3c10-4ce4-8b76-3600d6f554b6,ደብር,"ደብር, ምስራቃዊ, ትግራይ",ትግራይ,ምስራቃዊ,ደብር ምስራቃዊ ትግራይ
5d4d2835-1091-448f-89b5-cb62407c1e37,ሺላቤ,"ሺላቤ, ኮራሄ, ሶማሊ",ሶማሊ,ኮራሄ,ሺላቤ ኮራሄ ሶማሊ
5daa1432-1d62-4e97-aae6-6f7b1e88c604,ሮቢ,"ሮቢ, አርሲ, ኦሮሚያ",ኦሮሚያ,አርሲ,ሮቢ አርሲ ኦሮሚያ
5f36d45e-39af-4095-afe5-966fc33b9d3a,አዲ ሃና,"አዲ ሃና, ደቡባዊ, ትግራይ",ትግራይ,ደቡባዊ,አዲ ሃና ደቡባዊ ትግራይ
5fbacdba-d636-4559-be3b-2e8f528ecd68,አባ ቀላ,"አባ ቀላ, ሰሜን ኦሞ, ደቡብ ብሔሮች ብሔረሰቦችና ሕዝቦች ክልል",ደቡብ ብሔሮች ብሔረሰቦችና ሕዝቦች ክልል,ሰሜን ኦሞ,አባ ቀላ ሰሜን ኦሞ ደቡብ ብሔሮች ብሔረሰቦችና ሕዝቦች ክልል
5fd9f171-3dbe-4eb0-8072-9dea0ba1571a,አፓናዋኔ,"አፓናዋኔ, ጋምቤላ ዞን 2, ጋምቤላ",ጋምቤላ,ጋምቤላ ዞን 2,አፓናዋኔ ጋምቤላ ዞን 2 ጋምቤላ
5fe0c3bf-5d9b-43a8-aac3-1a73cc3c73bf,ዲምቢራ,"ዲምቢራ, ከፊቾ ሸኪቾ, ደቡብ ብሔሮች ብሔረሰቦችና ሕዝቦች ክልል",ደቡብ ብሔሮች ብሔረሰቦችና ሕዝቦች ክልል,ከፊቾ ሸኪቾ,ዲምቢራ ከፊቾ ሸኪቾ ደቡብ ብሔሮች ብሔረሰቦችና ሕዝቦች ክልል
61052754-e536-4bca-848b-ad47cd15e232,ደቡብ,"ደቡብ, ደቡባዊ, ትግራይ",ትግራይ,ደቡባዊ,ደቡብ ደቡባዊ ትግራይ
6198095f-8233-4a59-aaa1-46bfa41c859d,ጓዳ,"ጓዳ, ደቡብ ጎንደር, አማራ",አማራ,ደቡብ ጎንደር,ጓዳ ደቡብ ጎንደር አማራ
61ae8332-7963-49a0-aa04-06d0f711fda8,ደገህ ቡር,"ደገህ ቡር, ደገሃቡር, ሶማሊ",ሶማሊ,ደገሃቡር,ደገህ ቡር ደገሃቡር ሶማሊ
63ca07ae-6aee-4c4f-a635-3c6fe75495cf,ዲንሾ,"ዲንሾ, ባሌ, ኦሮሚያ",ኦሮሚያ,ባሌ,ዲንሾ ባሌ ኦሮሚያ
643b6bf8-758c-4d44-9a94-8676149a16ad,ሮቤ,"ሮቤ, ባሌ, ኦሮሚያ",ኦሮሚያ,ባሌ,ሮቤ ባሌ ኦሮሚያ
6494d7ec-bea7-4a95-ad16-3faec6ee04f5,አክዊ,"አክዊ, ምዕራባዊ, ትግራይ",ትግራይ,ምዕራባዊ,አክዊ ምዕራባዊ ትግራይ
64a6a6e5-9618-4552-a2e7-49e6bd768756,ኤይዱ,"ኤይዱ, ሰሜን ሸዋ, ኦሮሚያ",ኦሮሚያ,ሰሜን ሸዋ,ኤይዱ ሰሜን ሸዋ ኦሮሚያ
64b75a9d-8d9a-4e87-97b2-b6723db86c19,ቢሀታ,"ቢሀታ, ከፊቾ ሸኪቾ, ደቡብ ብሔሮች ብሔረሰቦችና ሕዝቦች ክልል",ደቡብ ብሔሮች ብሔረሰቦችና ሕዝቦች ክልል,ከፊቾ ሸኪቾ,ቢሀታ ከፊቾ ሸኪቾ ደቡብ ብሔሮች ብሔረሰቦችና ሕዝቦች ክልል
6568e33f-c2b2-4649-b3bd-98b26ab7a662,ባምቢሺ,"ባምቢሺ, አሶሳ, ቤኒሻንጉል ጉሙዝ",ቤኒሻንጉል ጉሙዝ,አሶሳ,ባምቢሺ አሶሳ ቤኒሻንጉል ጉሙዝ
6647b4de-67fc-44b5-9744-ed4e6ce08f99,ዲቡጉር,"ዲቡጉር, ጎዴ, ሶማሊ",ሶማሊ,ጎዴ,ዲቡጉር ጎዴ ሶማሊ
667b1949-3ae4-4359-a1ca-78fcbb9a2da6,ጎዴ,"ጎዴ, ሶማሊ",ሶማሊ,ጎዴ,ጎዴ ጎዴ ሶማሊ
66b4e49a-ad4d-4bd8-8e72-97edc72caf08,ሐረር,"ሐረር, ሐረሪ, ሐረሪ",ሐረሪ,ሐረሪ,ሐረር ሐረሪ ሐረሪ
66cdf523-7392-4b24-be4c-0bf3acd0a288,አዲ አርቃይ,"አዲ አርቃይ, ሰሜን ጎንደር, አማራ",አማራ,ሰሜን ጎንደር,አዲ አርቃይ ሰሜን ጎንደር አማራ
68efd63e-09fb-493e-a752-282dea300f87,ዳራ,"ዳራ, ደቡባዊ, ትግራይ",ትግራይ,ደቡባዊ,ዳራ ደቡባዊ ትግራይ
696a2f7f-5c30-40f7-8c27-67a9d5d8d39f,ቡኦል,"ቡኦል, ጋምቤላ ዞን 3, ጋምቤላ",ጋምቤላ,ጋምቤላ ዞን 3,ቡኦል ጋምቤላ ዞን 3 ጋምቤላ
6b9f2b54-2d73-4aab-8b3d-833dc66f4f69,ገልጻ,"ገልጻ, ሰሜን ኦሞ, ደቡብ ብሔሮች ብሔረሰቦችና ሕዝቦች ክልል",ደቡብ ብሔሮች ብሔረሰቦችና ሕዝቦች ክልል,ሰሜን ኦሞ,ገልጻ ሰሜን ኦሞ ደቡብ ብሔሮች ብሔረሰቦችና ሕዝቦች ክልል
6befd385-d7c6-45e2-abe3-b9195ef83320,አዲስ ዘመን,"አዲስ ዘመን, ደቡብ ጎንደር, አማራ",አማራ,ደቡብ ጎንደር,አዲስ ዘመን ደቡብ ጎንደር አማራ
6dda3680-9684-49ee-a91b-732b53256db3,ሚዛን ተፈሪ,"ሚዛን ተፈሪ, ቤንች ማጂ, ደቡብ ብሔሮች ብሔረሰቦችና ሕዝቦች ክልል",ደቡብ ብሔሮች ብሔረሰቦችና ሕዝቦች ክልል,ቤንች ማጂ,ሚዛን ተፈሪ ቤንች ማጂ ደቡብ ብሔሮች ብሔረሰቦችና ሕዝቦች ክልል
6dffa45f-9120-4e62-ae02-67eaad31410e,ኮራሄ,"ኮራሄ, ኮራሄ, ሶማሊ",ሶማሊ,ኮራሄ,ኮራሄ ኮራሄ ሶማሊ
6f89b6e8-ffbf-4256-8c5d-e6116709740f,ኦመድላ,"ኦመድላ, መተከል, ቤኒሻንጉል ጉሙዝ",ቤኒሻንጉል ጉሙዝ,መተከል,ኦመድላ መተከል ቤኒሻንጉል ጉሙዝ
705c64eb-c0f5-473b-8eda-8f5bf63833f1,ሺያቦኒ,"ሺያቦኒ, ምዕራባዊ, ትግራይ",ትግራይ,ምዕራባዊ,ሺያቦኒ ምዕራባዊ ትግራይ
70a121a0-d539-459d-a831-9588ee8074f5,አገንጋ,"አገንጋ, ጋምቤላ ዞን 2, ጋምቤላ",ጋምቤላ,ጋምቤላ ዞን 2,አገንጋ ጋምቤላ ዞን 2 ጋምቤላ
71643061-bdcb-44ec-9e34-d9239d9f2dec,አማሮ,"አማሮ, ሰሜን ኦሞ, ደቡብ ብሔሮች ብሔረሰቦችና ሕዝቦች ክልል",ደቡብ ብሔሮች ብሔረሰቦችና ሕዝቦች ክልል,ሰሜን ኦሞ,አማሮ ሰሜን ኦሞ ደቡብ ብሔሮች ብሔረሰቦችና ሕዝቦች ክልል
728ff706-4467-413a-a05c-6ccdc4aef682,ሙኬ ጡሪ,"ሙኬ ጡሪ, ሰሜን ሸዋ, ኦሮሚያ",ኦሮሚያ,ሰሜን ሸዋ,ሙኬ ጡሪ ሰሜን ሸዋ ኦሮሚያ
73cd6b80-4e5e-497a-b090-5ec1126f7cbb,ቁንዚላ,"ቁንዚላ, ምዕራብ ጎጃም, አማራ",አማራ,ምዕራብ ጎጃም,ቁንዚላ ምዕራብ ጎጃም አማራ
76f77c94-09ba-4f82-b501-49e3cc642744,ቲርጎል,"ቲርጎል, ጋምቤላ ዞን 3, ጋምቤላ",ጋምቤላ,ጋምቤላ ዞን 3,ቲርጎል ጋምቤላ ዞን 3 ጋምቤላ
78cd751b-9dbf-4996-b7b8-7e52d81af1d2,ኦም ሃጀር,"ኦም ሃጀር, ምዕራባዊ, ትግራይ",ትግራይ,ምዕራባዊ,ኦም ሃጀር ምዕራባዊ ትግራይ
792338c5-1153-482e-83e2-379a69d47107,አዘዞ,"አዘዞ, ሰሜን ጎንደር, አማራ",አማራ,ሰሜን ጎንደር,አዘዞ ሰሜን ጎንደር አማራ
7a6e9275-6358-4429-9db3-e570c6b230d8,አዲ ቀይሕ,"አዲ ቀይሕ, ደቡባዊ, ትግራይ",ትግራይ,ደቡባዊ,አዲ ቀይሕ ደቡባዊ ትግራይ
7a733285-63cb-4e18-b86d-8c12989b6bb1,አዲ ሬሞዝ,"አዲ ሬሞዝ, ምዕራባዊ, ትግራይ",ትግራይ,ምዕራባዊ,አዲ ሬሞዝ ምዕራባዊ ትግራይ
7b015b5e-ab04-4ff8-ae2a-ea3b038bd291,አቦምሳ,"አቦምሳ, አርሲ, ኦሮሚያ",ኦሮሚያ,አርሲ,አቦምሳ አርሲ ኦሮሚያ
7b2cbc5b-f223-4fbc-b15c-c81f2ff959fc,ፈለገ ሰላም,"ፈለገ ሰላም, ከፊቾ ሸኪቾ, ደቡብ ብሔሮች ብሔረሰቦችና ሕዝቦች ክልል",ደቡብ ብሔሮች ብሔረሰቦችና ሕዝቦች ክልል,ከፊቾ ሸኪቾ,ፈለገ ሰላም ከፊቾ ሸኪቾ ደቡብ ብሔሮች ብሔረሰቦችና ሕዝቦች ክልል
7c1b9081-09cb-418c-87e0-526059cfa3b6,ማይጨው,"ማይጨው, ደቡባዊ, ትግራይ",ትግራይ,ደቡባዊ,ማይጨው ደቡባዊ ትግራይ
7d131949-33f8-49b6-a0d7-6b288fb9e907,ወረታ,"ወረታ, ደቡብ ጎንደር, አማራ",አማራ,ደቡብ ጎንደር,ወረታ ደቡብ ጎንደር አማራ
7dafee07-7c4f-4fa2-bdb3-f25bf40cda1c,ቁንዮ,"ቁንዮ, አፍዴር, ሶማሊ",ሶማሊ,አፍዴር,ቁንዮ አፍዴር ሶማሊ
7e182e54-83f4-4f77-b282-f83ff82fedda,ኡዲያ,"ኡዲያ, ጋምቤላ ዞን 2, ጋምቤላ",ጋምቤላ,ጋምቤላ ዞን 2,ኡዲያ ጋምቤላ ዞን 2 ጋምቤላ
7e308a67-9aed-407e-9b64-82cd61ea7860,መጋሎ,"መጋሎ, ባሌ, ኦሮሚያ",ኦሮሚያ,ባሌ,መጋሎ ባሌ ኦሮሚያ
7ef59029-f36a-497f-8544-d6958828f2bb,ውቅሮ,"ውቅሮ, ምስራቃዊ, ትግራይ",ትግራይ,ምስራቃዊ,ውቅሮ ምስራቃዊ ትግራይ
7fced933-6a6f-4a71-8d9d-ec46b93641a9,መግዊን,"መግዊን, ጎዴ, ሶማሊ",ሶማሊ,ጎዴ,መግዊን ጎዴ ሶማሊ
7fd39b04-7548-4872-b5ae-cc6a183ad182,ዜጌ,"ዜጌ, ምዕራብ ጎጃም, አማራ",አማራ,ምዕራብ ጎጃም,ዜጌ ምዕራብ ጎጃም አማራ
826295af-517a-49f1-a623-23246c465204,መሊዩ,"መሊዩ, ባሌ, ኦሮሚያ",ኦሮሚያ,ባሌ,መሊዩ ባሌ ኦሮሚያ
8278cc36-9f7e-4c9d-9a1d-010adaeefb83,አጉላ,"አጉላ, ምስራቃዊ, ትግራይ",ትግራይ,ምስራቃዊ,አጉላ ምስራቃዊ ትግራይ
82860946-11d0-4c8c-a114-4313cdb23d66,ገና,"ገና, አርሲ, ኦሮሚያ",ኦሮሚያ,አርሲ,ገና አርሲ ኦሮሚያ
83cf0007-2887-4967-ba03-d2d688e7defa,ማህደረ ማርያም,"ማህደረ ማርያም, ደቡብ ጎንደር, አማራ",አማራ,ደቡብ ጎንደር,ማህደረ ማርያም ደቡብ ጎንደር አማራ
882d82ea-d64b-4dd2-b4b8-f68ad8c99afa,ናንሰቦ,"ናንሰቦ, ባሌ, ኦሮሚያ",ኦሮሚያ,ባሌ,ናንሰቦ ባሌ ኦሮሚያ
891e4bd5-a376-4353-b01f-8430f0372cd1,ቡስሌ,"ቡስሌ, አፍዴር, ሶማሊ",ሶማሊ,አፍዴር,ቡስሌ አፍዴር ሶማሊ
8a71cf82-9fd6-4999-9c6d-59b88ee430f4,ጊላዎ,"ጊላዎ, ጋምቤላ ዞን 1, ጋምቤላ",ጋምቤላ,ጋምቤላ ዞን 1,ጊላዎ ጋምቤላ ዞን 1 ጋምቤላ
8a8302ef-e6f7-463b-8adc-83cc988bffeb,አገረ ሲሳይ,"አገረ ሲሳይ, አርሲ, ኦሮሚያ",ኦሮሚያ,አርሲ,አገረ ሲሳይ አርሲ ኦሮሚያ
8b102ec4-d64e-4a0c-9489-00a85bca4a4d,ፔሪየት,"ፔሪየት, ጋምቤላ ዞን 2, ጋምቤላ",ጋምቤላ,ጋምቤላ ዞን 2,ፔሪየት ጋምቤላ ዞን 2 ጋምቤላ
8bdc9084-1efe-4181-925f-f720879910f1,አድዋ,"አድዋ, ማዕከላዊ, ትግራይ",ትግራይ,ማዕከላዊ,አድዋ ማዕከላዊ ትግራይ
8c47f0e2-125f-4165-a423-f5e678862260,ሂሞራ,"ሂሞራ, ምዕራባዊ, ትግራይ",ትግራይ,ምዕራባዊ,ሂሞራ ምዕራባዊ ትግራይ
8cafb20d-f1cf-4e60-907b-21d4432dc6ab,ዶሞ,"ዶሞ, ዋርዴር, ሶማሊ",ሶማሊ,ዋርዴር,ዶሞ ዋርዴር ሶማሊ
8d358d74-da09-48a1-bf7b-7bb06e232e61,ጉባ,"ጉባ, መተከል, ቤኒሻንጉል ጉሙዝ",ቤኒሻንጉል ጉሙዝ,መተከል,ጉባ መተከል ቤኒሻንጉል ጉሙዝ
8d9cdf22-93f8-47a1-9c23-a89d57621b37,መቻራ,"መቻራ, አርሲ, ኦሮሚያ",ኦሮሚያ,አርሲ,መቻራ አርሲ ኦሮሚያ
8ee7524a-e8db-47f2-95cf-056b440e1b17,ዶንጉር,"ዶንጉር, መተከል, ቤኒሻንጉል ጉሙዝ",ቤኒሻንጉል ጉሙዝ,መተከል,ዶንጉር መተከል ቤኒሻንጉል ጉሙዝ
8f96b281-a1f9-455a-bcfd-186e64d35a0c,ሰምቦ,"ሰምቦ, ሰሜን ሸዋ, ኦሮሚያ",ኦሮሚያ,ሰሜን ሸዋ,ሰምቦ ሰሜን ሸዋ ኦሮሚያ
8fc56c21-5965-4d7d-bc90-8bd6b7ad4fee,ፊቅ,"ፊቅ, ፊቅ, ሶማሊ",ሶማሊ,ፊቅ,ፊቅ ፊቅ ሶማሊ
900a24ec-b5f3-49d9-b8d5-70a2957609c7,ዕዳጋ ሐሙስ,"ዕዳጋ ሐሙስ, ምስራቃዊ, ትግራይ",ትግራይ,ምስራቃዊ,ዕዳጋ ሐሙስ ምስራቃዊ ትግራይ
91293b50-4fcc-4481-ad0f-f247f29bb5d2,ባምቡ,"ባምቡ, ቤንች ማጂ, ደቡብ ብሔሮች ብሔረሰቦችና ሕዝቦች ክልል",ደቡብ ብሔሮች ብሔረሰቦችና ሕዝቦች ክልል,ቤንች ማጂ,ባምቡ ቤንች ማጂ ደቡብ ብሔሮች ብሔረሰቦችና ሕዝቦች ክልል
9133e3c3-c88a-4bd3-a8ac-51ed246223d8,ዲዲግሳላ,"ዲዲግሳላ, አፋር ዞን 4, አፋር",አፋር,አፋር ዞን 4,ዲዲግሳላ አፋር ዞን 4 አፋር
91a92b04-945c-4425-95b9-df355cfa08cb,ሃምዳ ዲክሲስ,"ሃምዳ ዲክሲስ, አርሲ, ኦሮሚያ",ኦሮሚያ,አርሲ,ሃምዳ ዲክሲስ አርሲ ኦሮሚያ
91d443fb-2c79-430a-b2a6-e6704ccd8354,ሺሺንዳ,"ሺሺንዳ, ከፊቾ ሸኪቾ, ደቡብ ብሔሮች ብሔረሰቦችና ሕዝቦች ክልል",ደቡብ ብሔሮች ብሔረሰቦችና ሕዝቦች ክልል,ከፊቾ ሸኪቾ,ሺሺንዳ ከፊቾ ሸኪቾ ደቡብ ብሔሮች ብሔረሰቦችና ሕዝቦች ክልል
9265d96f-21c3-4aab-b272-1c8de5228da3,ዳጋ መዶ,"ዳጋ መዶ, ደገሃቡር, ሶማሊ",ሶማሊ,ደገሃቡር,ዳጋ መዶ ደገሃቡር ሶማሊ
92d15499-f727-49b2-9dd8-ce91062e5f3a,ዳሮር,"ዳሮር, ደገሃቡር, ሶማሊ",ሶማሊ,ደገሃቡር,ዳሮር ደገሃቡር ሶማሊ
92d1cba5-c062-4479-acbf-b2e6d9fd646d,ባልባላያር,"ባልባላያር, ጎዴ, ሶማሊ",ሶማሊ,ጎዴ,ባልባላያር ጎዴ ሶማሊ
935fcdb8-dbf1-4ddf-8de8-226a1db298ed,ሎፈፍሌ,"ሎፈፍሌ, አፋር ዞን 1, አፋር",አፋር,አፋር ዞን 1,ሎፈፍሌ አፋር ዞን 1 አፋር
93d7b594-68fa-4189-8c54-7fc02b2f73a7,መሪድሌህ,"መሪድሌህ, ዋርዴር, ሶማሊ",ሶማሊ,ዋርዴር,መሪድሌህ ዋርዴር ሶማሊ
941ea11f-1de7-409b-8fcb-0fd209e5f07e,ጥንሳኤ ብርሃን,"ጥንሳኤ ብርሃን, አርሲ, ኦሮሚያ",ኦሮሚያ,አርሲ,ጥንሳኤ ብርሃን አርሲ ኦሮሚያ
94a4eb7f-f89d-429f-909b-8cbd8719221a,አደት,"አደት, ምዕራብ ጎጃም, አማራ",አማራ,ምዕራብ ጎጃም,አደት ምዕራብ ጎጃም አማራ
957c1d1f-5824-4aae-922d-1430eff963ff,ደናን,"ደናን, ጎዴ, ሶማሊ",ሶማሊ,ጎዴ,ደናን ጎዴ ሶማሊ
96009d8e-f708-42d3-9d0a-090af69f150a,ደደቻ,"ደደቻ, አፋር ዞን 3, አፋር",አፋር,አፋር ዞን 3,ደደቻ አፋር ዞን 3 አፋር
968b8f9d-d7bb-443a-9e30-508454052165,አልዲ,"አልዲ, ባሌ, ኦሮሚያ",ኦሮሚያ,ባሌ,አልዲ ባሌ ኦሮሚያ
9ade3c48-03dc-4627-baf1-6575129352fe,ሲሬ,"ሲሬ, አርሲ, ኦሮሚያ",ኦሮሚያ,አርሲ,ሲሬ አርሲ ኦሮሚያ
9b83c937-ea95-4ddc-a2e3-d1be3c99f9c8,በራህሌ,"በራህሌ, አፋር ዞን 2, አፋር",አፋር,አፋር ዞን 2,በራህሌ አፋር ዞን 2 አፋር
9d45907b-1daa-49d3-870a-75dc586e0429,ደልጊ,"ደልጊ, ሰሜን ጎንደር, አማራ",አማራ,ሰሜን ጎንደር,ደልጊ ሰሜን ጎንደር አማራ
9de433ed-802e-4969-b4a5-83bbd169559c,አልማሄል,"አልማሄል, መተከል, ቤኒሻንጉል ጉሙዝ",ቤኒሻንጉል ጉሙዝ,መተከል,አልማሄል መተከል ቤኒሻንጉል ጉሙዝ
9e5c3c64-cc56-41b9-80ed-04230091372e,በልታ,"በልታ, ሰሜን ኦሞ, ደቡብ ብሔሮች ብሔረሰቦችና ሕዝቦች ክልል",ደቡብ ብሔሮች ብሔረሰቦችና ሕዝቦች ክልል,ሰሜን ኦሞ,በልታ ሰሜን ኦሞ ደቡብ ብሔሮች ብሔረሰቦችና ሕዝቦች ክልል
9e8569bb-aefc-49f1-9f40-ca8e34582ad3,ጅጋ,"ጅጋ, ምዕራብ ጎጃም, አማራ",አማራ,ምዕራብ ጎጃም,ጅጋ ምዕራብ ጎጃም አማራ
9ef606a5-878a-45a1-92be-e03fa157ba91,በበካ,"በበካ, ቤንች ማጂ, ደቡብ ብሔሮች ብሔረሰቦችና ሕዝቦች ክልል",ደቡብ ብሔሮች ብሔረሰቦችና ሕዝቦች ክልል,ቤንች ማጂ,በበካ ቤንች ማጂ ደቡብ ብሔሮች ብሔረሰቦችና ሕዝቦች ክልል
9ffc1d5b-c41a-4074-863f-16076ca5cf63,አሚባራ,"አሚባራ, አፋር ዞን 3, አፋር",አፋር,አፋር ዞን 3,አሚባራ አፋር ዞን 3 አፋር
a029b92e-67a3-4427-9b8f-f486914210f5,ደራ,"ደራ, አርሲ, ኦሮሚያ",ኦሮሚያ,አርሲ,ደራ አርሲ ኦሮሚያ
a05acb00-f629-4947-85db-b5c9c6e24c7f,ድልቤ,"ድልቤ, ሰሜን ወሎ, አማራ",አማራ,ሰሜን ወሎ,ድልቤ ሰሜን ወሎ አማራ
a1461a62-b62d-4166-a1f3-c7df67ddee75,ባህር ዳር,"ባህር ዳር, ምዕራብ ጎጃም, አማራ",አማራ,ምዕራብ ጎጃም,ባህር ዳር ምዕራብ ጎጃም አማራ
a146e5e5-34d4-4a0a-bb7c-663bb4a9384c,ገልሃላሊ,"ገልሃላሊ, ጎዴ, ሶማሊ",ሶማሊ,ጎዴ,ገልሃላሊ ጎዴ ሶማሊ
a23ec2a7-7dc6-43a0-b3a8-cbb857cbbde8,ማጂ,"ማጂ, ቤንች ማጂ, ደቡብ ብሔሮች ብሔረሰቦችና ሕዝቦች ክልል",ደቡብ ብሔሮች ብሔረሰቦችና ሕዝቦች ክልል,ቤንች ማጂ,ማጂ ቤንች ማጂ ደቡብ ብሔሮች ብሔረሰቦችና ሕዝቦች ክልል
a2f50075-dbdc-4f8e-adbf-3458f530b2d9,አዳባ,"አዳባ, ባሌ, ኦሮሚያ",ኦሮሚያ,ባሌ,አዳባ ባሌ ኦሮሚያ
a3649d8c-c8c5-4cfa-8ab1-c1ef5dec418a,ጨንቻ,"ጨንቻ, ሰሜን ኦሞ, ደቡብ ብሔሮች ብሔረሰቦችና ሕዝቦች ክልል",ደቡብ ብሔሮች ብሔረሰቦችና ሕዝቦች ክልል,ሰሜን ኦሞ,ጨንቻ ሰሜን ኦሞ ደቡብ ብሔሮች ብሔረሰቦችና ሕዝቦች ክልል
a40c5411-868d-4325-a587-cbdcd0c2b7fe,እንዳ አባ ፀሐማ,"እንዳ አባ ፀሐማ, ማዕከላዊ, ትግራይ",ትግራይ,ማዕከላዊ,እንዳ አባ ፀሐማ ማዕከላዊ ትግራይ
a4f5690e-6d48-41b2-848c-54e2dbe5f65a,አንገረብ,"አንገረብ, ሰሜን ጎንደር, አማራ",አማራ,ሰሜን ጎንደር,አንገረብ ሰሜን ጎንደር አማራ
a52d22ef-34c8-4bee-b9a2-36d2861b3ebf,ሰርዶ,"ሰርዶ, አፋር ዞን 1, አፋር",አፋር,አፋር ዞን 1,ሰርዶ አፋር ዞን 1 አፋር
a57a8647-7210-4e56-bef9-ac31d4e939b0,ፍሬወይኒ,"ፍሬወይኒ, ምስራቃዊ, ትግራይ",ትግራይ,ምስራቃዊ,ፍሬወይኒ ምስራቃዊ ትግራይ
a59cd090-8e10-45ef-bdba-c8bd399aa9e3,አቦቦ,"አቦቦ, ጋምቤላ ዞን 2, ጋምቤላ",ጋምቤላ,ጋምቤላ ዞን 2,አቦቦ ጋምቤላ ዞን 2 ጋምቤላ
a65fb64c-8e79-4fe2-b777-7a535aaacf69,ኤልሞ ደሬ,"ኤልሞ ደሬ, ዋርዴር, ሶማሊ",ሶማሊ,ዋርዴር,ኤልሞ ደሬ ዋርዴር ሶማሊ
a75b5937-99f4-40a2-a511-08a8d0fe1586,ኩይሃ,"ኩይሃ, ደቡባዊ, ትግራይ",ትግራይ,ደቡባዊ,ኩይሃ ደቡባዊ ትግራይ
a80ee3cf-b268-4926-a0a1-7512141fc4e6,አዋሬ,"አዋሬ, ደገሃቡር, ሶማሊ",ሶማሊ,ደገሃቡር,አዋሬ ደገሃቡር ሶማሊ
a8c410f4-d5ea-473c-bae7-304d2dad036f,ሰለ,"ሰለ, ማዕከላዊ, ትግራይ",ትግራይ,ማዕከላዊ,ሰለ ማዕከላዊ ትግራይ
a8cada34-3a20-4bb0-8e76-194cbda04ab9,ሃማሮ ሃዳድ,"ሃማሮ ሃዳድ, ፊቅ, ሶማሊ",ሶማሊ,ፊቅ,ሃማሮ ሃዳድ ፊቅ ሶማሊ
a9534830-8c6b-4300-a044-da511786b511,ዱም,"ዱም, ደቡባዊ, ትግራይ",ትግራይ,ደቡባዊ,ዱም ደቡባዊ ትግራይ
ac613363-706a-4245-8684-ea69e6147f03,እዝ ዛይር,"እዝ ዛይር, ሰሜን ጎንደር, አማራ",አማራ,ሰሜን ጎንደር,እዝ ዛይር ሰሜን ጎንደር አማራ
ace184e6-b8ae-4c80-b44e-b3ae898c0801,ቀብሪ ደሃር,"ቀብሪ ደሃር, ኮራሄ, ሶማሊ",ሶማሊ,ኮራሄ,ቀብሪ ደሃር ኮራሄ ሶማሊ
ad093b4c-2f44-4cbe-bdb3-d5b329c68d80,ጋምቤላ,"ጋምቤላ, ጋምቤላ ዞን 1",ጋምቤላ,ጋምቤላ ዞን 1,ጋምቤላ ጋምቤላ ዞን 1 ጋምቤላ
ad4d422d-2a31-4dd9-8a90-0fe58a80264d,ኢሚ,"ኢሚ, ጎዴ, ሶማሊ",ሶማሊ,ጎዴ,ኢሚ ጎዴ ሶማሊ
ae6dba65-500f-4098-90fa-b3f0ac737b7a,አንጊላ,"አንጊላ, ሰሜን ኦሞ, ደቡብ ብሔሮች ብሔረሰቦችና ሕዝቦች ክልል",ደቡብ ብሔሮች ብሔረሰቦችና ሕዝቦች ክልል,ሰሜን ኦሞ,አንጊላ ሰሜን ኦሞ ደቡብ ብሔሮች ብሔረሰቦችና ሕዝቦች ክልል
aeb1df7a-d462-4a05-bf75-d36820c06802,እብናት,"እብናት, ደቡብ ጎንደር, አማራ",አማራ,ደቡብ ጎንደር,እብናት ደቡብ ጎንደር አማራ
af189921-fd1c-404d-8518-07ea8e049ec2,ቀላፎ,"ቀላፎ, አፍዴር, ሶማሊ",ሶማሊ,አፍዴር,ቀላፎ አፍዴር ሶማሊ
af8bada7-14d2-45d8-8b6f-35788e1ee740,ሲፋኒ,"ሲፋኒ, አፋር ዞን 4, አፋር",አፋር,አፋር ዞን 4,ሲፋኒ አፋር ዞን 4 አፋር
afb4bd1c-c155-4f0f-b817-cacad7bed0ce,ዳርዴ,"ዳርዴ, ባሌ, ኦሮሚያ",ኦሮሚያ,ባሌ,ዳርዴ ባሌ ኦሮሚያ
b0d16a02-7e48-4e03-9728-b10137a15932,ዲቢሌ,"ዲቢሌ, ደገሃቡር, ሶማሊ",ሶማሊ,ደገሃቡር,ዲቢሌ ደገሃቡር ሶማሊ
b31ef78e-5384-427d-957e-35b732a71ab9,አርባ ምንጭ,"አርባ ምንጭ, ሰሜን ኦሞ, ደቡብ ብሔሮች ብሔረሰቦችና ሕዝቦች ክልል",ደቡብ ብሔሮች ብሔረሰቦችና ሕዝቦች ክልል,ሰሜን ኦሞ,አርባ ምንጭ ሰሜን ኦሞ ደቡብ ብሔሮች ብሔረሰቦችና ሕዝቦች ክልል
b3cfdd3f-813e-4b2a-8e19-85b4e99404d5,ጭዋሂት,"ጭዋሂት, ሰሜን ጎንደር, አማራ",አማራ,ሰሜን ጎንደር,ጭዋሂት ሰሜን ጎንደር አማራ
b4d92152-3a21-48de-b75a-0ac522b1579f,ገና ቦሳ,"ገና ቦሳ, ሰሜን ኦሞ, ደቡብ ብሔሮች ብሔረሰቦችና ሕዝቦች ክልል",ደቡብ ብሔሮች ብሔረሰቦችና ሕዝቦች ክልል,ሰሜን ኦሞ,ገና ቦሳ ሰሜን ኦሞ ደቡብ ብሔሮች ብሔረሰቦችና ሕዝቦች ክልል
b5aefc84-35c8-4f10-a966-befcf116040c,እንቲቾ,"እንቲቾ, ማዕከላዊ, ትግራይ",ትግራይ,ማዕከላዊ,እንቲቾ ማዕከላዊ ትግራይ
b5c20fce-988e-459a-bfb8-ebf813d52737,ሮቤ,"ሮቤ, አርሲ, ኦሮሚያ",ኦሮሚያ,አርሲ,ሮቤ አርሲ ኦሮሚያ
b5e9ce99-0e42-48dd-9311-6f807c96e525,ሳሳበነህ,"ሳሳበነህ, ደገሃቡር, ሶማሊ",ሶማሊ,ደገሃቡር,ሳሳበነህ ደገሃቡር ሶማሊ
b67ab4e7-bd3d-45cc-ae52-058f6ab5a2bb,ዱጉም,"ዱጉም, ምስራቃዊ, ትግራይ",ትግራይ,ምስራቃዊ,ዱጉም ምስራቃዊ ትግራይ
b71ca08b-b46c-452d-aaf3-2287e3832383,መንገላ,"መንገላ, አፋር ዞን 2, አፋር",አፋር,አፋር ዞን 2,መንገላ አፋር ዞን 2 አፋር
b7371901-0315-4c21-a5a4-ad9b4093507a,በንዲ,"በንዲ, ቤንች ማጂ, ደቡብ ብሔሮች ብሔረሰቦችና ሕዝቦች ክልል",ደቡብ ብሔሮች ብሔረሰቦችና ሕዝቦች ክልል,ቤንች ማጂ,በንዲ ቤንች ማጂ ደቡብ ብሔሮች ብሔረሰቦችና ሕዝቦች ክልል
b7a1c3bb-90c8-41fd-90e7-52ec336d0395,በልፎዲዮ,"በልፎዲዮ, አሶሳ, ቤኒሻንጉል ጉሙዝ",ቤኒሻንጉል ጉሙዝ,አሶሳ,በልፎዲዮ አሶሳ ቤኒሻንጉል ጉሙዝ
b8bf0121-41ea-43d4-96a6-01b471fe9709,ቡሬ,"ቡሬ, ምዕራብ ጎጃም, አማራ",አማራ,ምዕራብ ጎጃም,ቡሬ ምዕራብ ጎጃም አማራ
b98bc0ae-75d3-464c-97f4-12f79c79be37,አዲ አቡን,"አዲ አቡን, ማዕከላዊ, ትግራይ",ትግራይ,ማዕከላዊ,አዲ አቡን ማዕከላዊ ትግራይ
ba4c696b-df05-4314-92dc-3517ac98bb9b,ዲቦ,"ዲቦ, ባሌ, ኦሮሚያ",ኦሮሚያ,ባሌ,ዲቦ ባሌ ኦሮሚያ
baa2828e-d8cb-4c23-8aec-c815935777a3,ደባኢና,"ደባኢና, አፋር ዞን 2, አፋር",አፋር,አፋር ዞን 2,ደባኢና አፋር ዞን 2 አፋር
bb2f21c8-d9a7-49d2-b4a2-1b5e8d18e7eb,አሳሌ,"አሳሌ, አፋር ዞን 2, አፋር",አፋር,አፋር ዞን 2,አሳሌ አፋር ዞን 2 አፋር
bc36871a-01e9-4917-b299-321c6ec99ad7,ኦብዳመር,"ኦብዳመር, ጎዴ, ሶማሊ",ሶማሊ,ጎዴ,ኦብዳመር ጎዴ ሶማሊ
bcf4caf1-7352-4d91-8bfa-787dfda02810,ደንበ በንጉል,"ደንበ በንጉል, ምዕራባዊ, ትግራይ",ትግራይ,ምዕራባዊ,ደንበ በንጉል ምዕራባዊ ትግራይ
bd07bada-d1ed-437e-8579-aeae8a8765d1,ጋብሮ,"ጋብሮ, ጎዴ, ሶማሊ",ሶማሊ,ጎዴ,ጋብሮ ጎዴ ሶማሊ
bdd23cea-2484-4ab9-a161-4f4808c09b50,ዲሊሽ,"ዲሊሽ, ምዕራብ ጎጃም, አማራ",አማራ,ምዕራብ ጎጃም,ዲሊሽ ምዕራብ ጎጃም አማራ
be53757d-e00d-4835-ae5e-770d7d058b13,ባንጃ,"ባንጃ, ሰሜን ኦሞ, ደቡብ ብሔሮች ብሔረሰቦችና ሕዝቦች ክልል",ደቡብ ብሔሮች ብሔረሰቦችና ሕዝቦች ክልል,ሰሜን ኦሞ,ባንጃ ሰሜን ኦሞ ደቡብ ብሔሮች ብሔረሰቦችና ሕዝቦች ክልል
be95ba11-3e80-4d95-87dd-e5a6ffa8dba1,ጥቾ,"ጥቾ, አርሲ, ኦሮሚያ",ኦሮሚያ,አርሲ,ጥቾ አርሲ ኦሮሚያ
c12b7223-25f1-4353-a568-ab7e92f7009e,ጎግ,"ጎግ, ጋምቤላ ዞን 2, ጋምቤላ",ጋምቤላ,ጋምቤላ ዞን 2,ጎግ ጋምቤላ ዞን 2 ጋምቤላ
c2e8d51f-9039-4928-b6c3-f9320bd5f593,ቴኦ,"ቴኦ, አፋር ዞን 3, አፋር",አፋር,አፋር ዞን 3,ቴኦ አፋር ዞን 3 አፋር
c2eca1f3-4f46-462c-8520-f6a0ef2cc5cc,ማንዴ,"ማንዴ, ደራሼ ልዩ ወረዳ, ደቡብ ብሔሮች ብሔረሰቦችና ሕዝቦች ክልል",ደቡብ ብሔሮች ብሔረሰቦችና ሕዝቦች ክልል,ደራሼ ልዩ ወረዳ,ማንዴ ደራሼ ልዩ ወረዳ ደቡብ ብሔሮች ብሔረሰቦችና ሕዝቦች ክልል
c4480f61-bcf7-4cdc-ba4e-f5c847862395,ሎጊያ,"ሎጊያ, አፋር ዞን 1, አፋር",አፋር,አፋር ዞን 1,ሎጊያ አፋር ዞን 1 አፋር
c48ff54b-b4bc-4141-aba6-9104c46000e5,ሰጋግ,"ሰጋግ, ፊቅ, ሶማሊ",ሶማሊ,ፊቅ,ሰጋግ ፊቅ ሶማሊ
c50a7d57-9f53-4c52-8f9c-25a32d00a111,ኢታንግ,"ኢታንግ, ጋምቤላ ዞን 1, ጋምቤላ",ጋምቤላ,ጋምቤላ ዞን 1,ኢታንግ ጋምቤላ ዞን 1 ጋምቤላ
c59a25b0-028c-48b0-87b6-4f3e63f12c1f,ገንዳዋ,"ገንዳዋ, ሰሜን ጎንደር, አማራ",አማራ,ሰሜን ጎንደር,ገንዳዋ ሰሜን ጎንደር አማራ
c5cc8c98-f636-47bd-af5c-f2849293f6bb,እንዳ መድኃኒ ዓለም,"እንዳ መድኃኒ ዓለም, ደቡባዊ, ትግራይ",ትግራይ,ደቡባዊ,እንዳ መድኃኒ ዓለም ደቡባዊ ትግራይ
c5f3a87a-bdc7-422a-b1e6-4c3f7a2a7c7d,ኡጋት,"ኡጋት, ጋምቤላ ዞን 3, ጋምቤላ",ጋምቤላ,ጋምቤላ ዞን 3,ኡጋት ጋምቤላ ዞን 3 ጋምቤላ
c6d053f0-572e-4f6a-8b30-67c07e108959,ዲምባዛ,"ዲምባዛ, ማዕከላዊ, ትግራይ",ትግራይ,ማዕከላዊ,ዲምባዛ ማዕከላዊ ትግራይ
c7476dbe-58a7-405c-93cf-bbd4df38f130,ሃሮ ዲቤ,"ሃሮ ዲቤ, ባሌ, ኦሮሚያ",ኦሮሚያ,ባሌ,ሃሮ ዲቤ ባሌ ኦሮሚያ
c7a6d79e-2b11-4c47-8b77-775c927e2398,ዲመቃ,"ዲመቃ, ደቡብ ኦሞ, ደቡብ ብሔሮች ብሔረሰቦችና ሕዝቦች ክልል",ደቡብ ብሔሮች ብሔረሰቦችና ሕዝቦች ክልል,ደቡብ ኦሞ,ዲመቃ ደቡብ ኦሞ ደቡብ ብሔሮች ብሔረሰቦችና ሕዝቦች ክልል
c7d89f27-0e10-48a9-925b-07e6772ebb69,ቢዘት,"ቢዘት, ምስራቃዊ, ትግራይ",ትግራይ,ምስራቃዊ,ቢዘት ምስራቃዊ ትግራይ
c82c4f31-1c72-4f70-a564-00a5d7ff325d,ጋንዳባ,"ጋንዳባ, ፊቅ, ሶማሊ",ሶማሊ,ፊቅ,ጋንዳባ ፊቅ ሶማሊ
ca891e02-1ae3-45b9-a43e-14d8cab1f1aa,ባሂታ,"ባሂታ, ሰሜን ጎንደር, አማራ",አማራ,ሰሜን ጎንደር,ባሂታ ሰሜን ጎንደር አማራ
cb178945-d60f-4cf3-9404-3b16ba047cb4,ሀርቡ,"ሀርቡ, አፋር ዞን 1, አፋር",አፋር,አፋር ዞን 1,ሀርቡ አፋር ዞን 1 አፋር
cb66f357-9171-4f30-9a9f-cb9cb057f8ff,ደባርቅ,"ደባርቅ, ሰሜን ጎንደር, አማራ",አማራ,ሰሜን ጎንደር,ደባርቅ ሰሜን ጎንደር አማራ
cce5ff34-72c5-455e-b69a-bff89558b52c,ወልወል,"ወልወል, ዋርዴር, ሶማሊ",ሶማሊ,ዋርዴር,ወልወል ዋርዴር ሶማሊ
cd37134d-b101-4ef4-9f89-d66ad9853ab3,ጊራ ፈላሴ,"ጊራ ፈላሴ, ሰሜን ጎንደር, አማራ",አማራ,ሰሜን ጎንደር,ጊራ ፈላሴ ሰሜን ጎንደር አማራ
ce003df4-13a8-4e23-b4ec-92d14a032bd7,ሙስታሂል,"ሙስታሂል, አፍዴር, ሶማሊ",ሶማሊ,አፍዴር,ሙስታሂል አፍዴር ሶማሊ
ce1a033f-eeb6-477e-8dbd-6e1dd06e3e5a,ቤቶ,"ቤቶ, ሰሜን ኦሞ, ደቡብ ብሔሮች ብሔረሰቦችና ሕዝቦች ክልል",ደቡብ ብሔሮች ብሔረሰቦችና ሕዝቦች ክልል,ሰሜን ኦሞ,ቤቶ ሰሜን ኦሞ ደቡብ ብሔሮች ብሔረሰቦችና ሕዝቦች ክልል
ce36e7f0-80b8-4f36-9f81-e2fc61dcb96e,አሮሌይ,"አሮሌይ, አፋር ዞን 2, አፋር",አፋር,አፋር ዞን 2,አሮሌይ አፋር ዞን 2 አፋር
ce5e8e71-8796-4dec-989e-37a19e91f33a,ዳጋዮ,"ዳጋዮ, ባሌ, ኦሮሚያ",ኦሮሚያ,ባሌ,ዳጋዮ ባሌ ኦሮሚያ
d017007e-773a-40d7-a636-bcdefb3e0d00,አለማያ,"አለማያ, ድሬ ዳዋ, ድሬ ዳዋ",ድሬ ዳዋ,ድሬ ዳዋ,አለማያ ድሬ ዳዋ ድሬ ዳዋ
d0ee6b1c-9a84-4088-8169-d941675431a9,ዲኖ,"ዲኖ, አርሲ, ኦሮሚያ",ኦሮሚያ,አርሲ,ዲኖ አርሲ ኦሮሚያ
d16b6967-c834-48bf-b9be-a42cc5bcabec,ባርጌሌ,"ባርጌሌ, አፍዴር, ሶማሊ",ሶማሊ,አፍዴር,ባርጌሌ አፍዴር ሶማሊ
d1a46338-5876-4f6b-a168-7772478e0413,ሀገረ ሰላም,"ሀገረ ሰላም, ማዕከላዊ, ትግራይ",ትግራይ,ማዕከላዊ,ሀገረ ሰላም ማዕከላዊ ትግራይ
d24f28ce-7452-4b2b-9af3-f9b264e4dca8,ቢያጉንዲ,"ቢያጉንዲ, ምዕራባዊ, ትግራይ",ትግራይ,ምዕራባዊ,ቢያጉንዲ ምዕራባዊ ትግራይ
d4037a68-84c6-4e02-ae2f-7dd0cc925e4c,ቦሌ,"ቦሌ, ሰሜን ኦሞ, ደቡብ ብሔሮች ብሔረሰቦችና ሕዝቦች ክልል",ደቡብ ብሔሮች ብሔረሰቦችና ሕዝቦች ክልል,ሰሜን ኦሞ,ቦሌ ሰሜን ኦሞ ደቡብ ብሔሮች ብሔረሰቦችና ሕዝቦች ክልል
d4fc1a76-279b-4387-904a-4cbb784941da,ቆርቤታ,"ቆርቤታ, ደቡባዊ, ትግራይ",ትግራይ,ደቡባዊ,ቆርቤታ ደቡባዊ ትግራይ
d533151c-6516-46cc-b51b-34f4d3fc5c3c,አምባ ጊዮርጊስ,"አምባ ጊዮርጊስ, ሰሜን ጎንደር, አማራ",አማራ,ሰሜን ጎንደር,አምባ ጊዮርጊስ ሰሜን ጎንደር አማራ
d58755d3-b709-4446-873a-2790b9b85418,ማረግ ዱግሌህ,"ማረግ ዱግሌህ, ደገሃቡር, ሶማሊ",ሶማሊ,ደገሃቡር,ማረግ ዱግሌህ ደገሃቡር ሶማሊ
d62b8b5a-204c-4436-85cc-5bf09279b441,ሱቃ,"ሱቃ, ባሌ, ኦሮሚያ",ኦሮሚያ,ባሌ,ሱቃ ባሌ ኦሮሚያ
d6cbc9e6-9d59-490d-8634-4958e2ceadd6,ያሃ,"ያሃ, ማዕከላዊ, ትግራይ",ትግራይ,ማዕከላዊ,ያሃ ማዕከላዊ ትግራይ
d6ce3dd5-5c72-4b89-b33d-1e351a5c7463,ሐረር,"ሐረር, ሐረሪ, ሐረሪ",ሐረሪ,ሐረሪ,ሐረር ሐረሪ ሐረሪ
d71acf9c-ae98-46a0-bb55-0dce7f63a76a,ሲኤሮ,"ሲኤሮ, ማዕከላዊ, ትግራይ",ትግራይ,ማዕከላዊ,ሲኤሮ ማዕከላዊ ትግራይ
d83f34fe-1c6e-4009-949e-18d3067fb2ae,አቢይ አዲ,"አቢይ አዲ, ማዕከላዊ, ትግራይ",ትግራይ,ማዕከላዊ,አቢይ አዲ ማዕከላዊ ትግራይ
d85287e0-327b-4ad5-b331-c9dd9598c52d,ጉንጉኖ,"ጉንጉኖ, ምዕራባዊ, ትግራይ",ትግራይ,ምዕራባዊ,ጉንጉኖ ምዕራባዊ ትግራይ
d898c1a2-5f4b-457e-9e0d-1bd678a72970,ቀለም,"ቀለም, ደቡብ ኦሞ, ደቡብ ብሔሮች ብሔረሰቦችና ሕዝቦች ክልል",ደቡብ ብሔሮች ብሔረሰቦችና ሕዝቦች ክልል,ደቡብ ኦሞ,ቀለም ደቡብ ኦሞ ደቡብ ብሔሮች ብሔረሰቦችና ሕዝቦች ክልል
d8dd73fc-a559-4a94-b6b8-af1d570e8849,ቱርሚ,"ቱርሚ, ደቡብ ኦሞ, ደቡብ ብሔሮች ብሔረሰቦችና ሕዝቦች ክልል",ደቡብ ብሔሮች ብሔረሰቦችና ሕዝቦች ክልል,ደቡብ ኦሞ,ቱርሚ ደቡብ ኦሞ ደቡብ ብሔሮች ብሔረሰቦችና ሕዝቦች ክልል
d9f0ecb1-692b-47d2-adfd-655343014c49,ገድለጉቤ,"ገድለጉቤ, ዋርዴር, ሶማሊ",ሶማሊ,ዋርዴር,ገድለጉቤ ዋርዴር ሶማሊ
daccd1d7-8603-41a9-b0eb-78e755d01d84,ዓለም ገና,"ዓለም ገና, አዲስ አበባ ዞን 2, አዲስ አበባ",አዲስ አበባ,አዲስ አበባ ዞን 2,ዓለም ገና አዲስ አበባ ዞን 2 አዲስ አበባ
db0691d1-97e2-4bf3-a600-58881e953ef8,ጊኒር,"ጊኒር, ባሌ, ኦሮሚያ",ኦሮሚያ,ባሌ,ጊኒር ባሌ ኦሮሚያ
db4d22ae-c1c8-42d0-9848-bd0531044308,ዱራ,"ዱራ, ከፊቾ ሸኪቾ, ደቡብ ብሔሮች ብሔረሰቦችና ሕዝቦች ክልል",ደቡብ ብሔሮች ብሔረሰቦችና ሕዝቦች ክልል,ከፊቾ ሸኪቾ,ዱራ ከፊቾ ሸኪቾ ደቡብ ብሔሮች ብሔረሰቦችና ሕዝቦች ክልል
dbb8fe11-c6c6-4291-82e9-5994167ca696,ደብረ ታቦር,"ደብረ ታቦር, ደቡብ ጎንደር, አማራ",አማራ,ደቡብ ጎንደር,ደብረ ታቦር ደቡብ ጎንደር አማራ
dd4e566b-e1be-4a13-afaa-509bd2f2b7f4,እንጅባራ,"እንጅባራ, አገው አዊ, አማራ",አማራ,አገው አዊ,እንጅባራ አገው አዊ አማራ
dd897e37-3b7e-4259-91d6-c610ef31b6b0,ዶዶላ,"ዶዶላ, ባሌ, ኦሮሚያ",ኦሮሚያ,ባሌ,ዶዶላ ባሌ ኦሮሚያ
ddc23712-1986-43d4-892a-5d05c0ab7858,ገላዲ,"ገላዲ, ዋርዴር, ሶማሊ",ሶማሊ,ዋርዴር,ገላዲ ዋርዴር ሶማሊ
de3fc629-0e45-466d-9f44-da51aab18447,ሐውዜን,"ሐውዜን, ምስራቃዊ, ትግራይ",ትግራይ,ምስራቃዊ,ሐውዜን ምስራቃዊ ትግራይ
de9918bc-ffcd-4f54-bbf2-bf9e7bd51e20,ብርኩታ,"ብርኩታ, ምዕራባዊ, ትግራይ",ትግራይ,ምዕራባዊ,ብርኩታ ምዕራባዊ ትግራይ
dea12287-0a98-432e-ae34-1a3b105ae627,ሸራሮ,"ሸራሮ, ምዕራባዊ, ትግራይ",ትግራይ,ምዕራባዊ,ሸራሮ ምዕራባዊ ትግራይ
dec5b804-ca54-468a-9e3a-14a31cf7a559,ባጉስታ,"ባጉስታ, መተከል, ቤኒሻንጉል ጉሙዝ",ቤኒሻንጉል ጉሙዝ,መተከል,ባጉስታ መተከል ቤኒሻንጉል ጉሙዝ
dee69a57-1002-41d2-ae16-13a3a25c1c61,ራሞ,"ራሞ, ባሌ, ኦሮሚያ",ኦሮሚያ,ባሌ,ራሞ ባሌ ኦሮሚያ
dfc5d400-8486-4c89-aac3-d4d2e1afac7c,ሳይንት ሚካኤ,"ሳይንት ሚካኤ, ምዕራባዊ, ትግራይ",ትግራይ,ምዕራባዊ,ሳይንት ሚካኤ ምዕራባዊ ትግራይ
e37d02b4-73c9-4e06-8d0f-f6827973f7c6,ወርደር,"ወርደር, ዋርዴር, ሶማሊ",ሶማሊ,ዋርዴር,ወርደር ዋርዴር ሶማሊ
e388a67d-db9b-44ba-82ca-ea0b467d3363,ሮቤ,"ሮቤ, ሰሜን ሸዋ, ኦሮሚያ",ኦሮሚያ,ሰሜን ሸዋ,ሮቤ ሰሜን ሸዋ ኦሮሚያ
e749daca-8281-48ba-bacf-f0e2ba86a93b,ሰንዳፋ,"ሰንዳፋ, ሰሜን ሸዋ, ኦሮሚያ",ኦሮሚያ,ሰሜን ሸዋ,ሰንዳፋ ሰሜን ሸዋ ኦሮሚያ
e76e43c4-910c-450d-91c9-621cc4dd6a9b,ዶፎ,"ዶፎ, ሰሜን ኦሞ, ደቡብ ብሔሮች ብሔረሰቦችና ሕዝቦች ክልል",ደቡብ ብሔሮች ብሔረሰቦችና ሕዝቦች ክልል,ሰሜን ኦሞ,ዶፎ ሰሜን ኦሞ ደቡብ ብሔሮች ብሔረሰቦችና ሕዝቦች ክልል
e7953143-4287-4ee4-b242-c0f652ec2dd2,ኤሊ ውሃ,"ኤሊ ውሃ, አፋር ዞን 1, አፋር",አፋር,አፋር ዞን 1,ኤሊ ውሃ አፋር ዞን 1 አፋር
e7a58e67-5889-4022-8c53-85b81134fa50,ጋልቺያ,"ጋልቺያ, ባሌ, ኦሮሚያ",ኦሮሚያ,ባሌ,ጋልቺያ ባሌ ኦሮሚያ
e8a5f5d6-6a50-43dc-b054-aacf2acb6a23,ጠፒ,"ጠፒ, ከፊቾ ሸኪቾ, ደቡብ ብሔሮች ብሔረሰቦችና ሕዝቦች ክልል",ደቡብ ብሔሮች ብሔረሰቦችና ሕዝቦች ክልል,ከፊቾ ሸኪቾ,ጠፒ ከፊቾ ሸኪቾ ደቡብ ብሔሮች ብሔረሰቦችና ሕዝቦች ክልል
e9c07926-7713-43e2-a24a-1e1c4288c85b,ፈለገ ነዋይ,"ፈለገ ነዋይ, ሰሜን ኦሞ, ደቡብ ብሔሮች ብሔረሰቦችና ሕዝቦች ክልል",ደቡብ ብሔሮች ብሔረሰቦችና ሕዝቦች ክልል,ሰሜን ኦሞ,ፈለገ ነዋይ ሰሜን ኦሞ ደቡብ ብሔሮች ብሔረሰቦችና ሕዝቦች ክልል
ea1ffaf7-8c16-4bf2-b06d-1a7dac9eef24,ሙይ,"ሙይ, ቤንች ማጂ, ደቡብ ብሔሮች ብሔረሰቦችና ሕዝቦች ክልል",ደቡብ ብሔሮች ብሔረሰቦችና ሕዝቦች ክልል,ቤንች ማጂ,ሙይ ቤንች ማጂ ደቡብ ብሔሮች ብሔረሰቦችና ሕዝቦች ክልል
eb70c25c-7462-4382-8a43-d1d04d841150,ገምቦ,"ገምቦ, ቡርጂ ልዩ ወረዳ, ደቡብ ብሔሮች ብሔረሰቦችና ሕዝቦች ክልል",ደቡብ ብሔሮች ብሔረሰቦችና ሕዝቦች ክልል,ቡርጂ ልዩ ወረዳ,ገምቦ ቡርጂ ልዩ ወረዳ ደቡብ ብሔሮች ብሔረሰቦችና ሕዝቦች ክልል
ec0b2167-e880-4d75-a807-869155cf2bed,ዱብቲ,"ዱብቲ, አፋር ዞን 1, አፋር",አፋር,አፋር ዞን 1,ዱብቲ አፋር ዞን 1 አፋር
ec84da0f-46d0-45ed-9fa1-a6858b6a437e,ጉርጉር,"ጉርጉር, ባሌ, ኦሮሚያ",ኦሮሚያ,ባሌ,ጉርጉር ባሌ ኦሮሚያ
ed61d089-8a78-4b56-93a6-1b959227ba07,ፋሻ,"ፋሻ, ኮንሶ ልዩ ወረዳ, ደቡብ ብሔሮች ብሔረሰቦችና ሕዝቦች ክልል",ደቡብ ብሔሮች ብሔረሰቦችና ሕዝቦች ክልል,ኮንሶ ልዩ ወረዳ,ፋሻ ኮንሶ ልዩ ወረዳ ደቡብ ብሔሮች ብሔረሰቦችና ሕዝቦች ክልል
edb685b9-e34b-471b-ab02-ed9a6d934297,ጎደሊ,"ጎደሊ, ፊቅ, ሶማሊ",ሶማሊ,ፊቅ,ጎደሊ ፊቅ ሶማሊ
eebf1ca7-637d-41b4-b030-46a93777da31,ባገና,"ባገና, ሰሜን ጎንደር, አማራ",አማራ,ሰሜን ጎንደር,ባገና ሰሜን ጎንደር አማራ
efd5c579-59bc-47d9-a338-ebd52019da9a,ኮኮሳ,"ኮኮሳ, ባሌ, ኦሮሚያ",ኦሮሚያ,ባሌ,ኮኮሳ ባሌ ኦሮሚያ
f08dc290-5162-4239-8156-326637d2ab86,አባቲምቦ ኤል ጉማስ,"አባቲምቦ ኤል ጉማስ, አሶሳ, ቤኒሻንጉል ጉሙዝ",ቤኒሻንጉል ጉሙዝ,አሶሳ,አባቲምቦ ኤል ጉማስ አሶሳ ቤኒሻንጉል ጉሙዝ
f17d457d-4177-4a2f-83fb-2232e12d80cd,አሶሳ,"አሶሳ, ቤኒሻንጉል ጉሙዝ",ቤኒሻንጉል ጉሙዝ,አሶሳ,አሶሳ አሶሳ ቤኒሻንጉል ጉሙዝ
f1bab5f5-197e-4780-9c1e-927724dad903,ወዲፋ,"ወዲፋ, ከፊቾ ሸኪቾ, ደቡብ ብሔሮች ብሔረሰቦችና ሕዝቦች ክልል",ደቡብ ብሔሮች ብሔረሰቦችና ሕዝቦች ክልል,ከፊቾ ሸኪቾ,ወዲፋ ከፊቾ ሸኪቾ ደቡብ ብሔሮች ብሔረሰቦችና ሕዝቦች ክልል
f4345b18-940e-429b-92bf-a92d775929f6,ሲሬ (2),"ሲሬ (2), አርሲ, ኦሮሚያ",ኦሮሚያ,አርሲ,ሲሬ (2) አርሲ ኦሮሚያ
f4c9ad39-491f-4f12-9c84-930b02306fe6,ጎሮ (2),"ጎሮ (2), ባሌ, ኦሮሚያ",ኦሮሚያ,ባሌ,ጎሮ (2) ባሌ ኦሮሚያ
f515f9f8-2882-4a38-a268-be14f9e37399,አበርገሌ,"አበርገሌ, ዋግ ሕምራ, አማራ",አማራ,ዋግ ሕምራ,አበርገሌ ዋግ ሕምራ አማራ
f5e4e807-dee2-4168-878d-9f9ca443ff2f,ገብረ ጉራቻ,"ገብረ ጉራቻ, ሰሜን ሸዋ, ኦሮሚያ",ኦሮሚያ,ሰሜን ሸዋ,ገብረ ጉራቻ ሰሜን ሸዋ ኦሮሚያ
f811d7a8-2eac-42b6-8ae6-41b61bcbdeea,ደንገል,"ደንገል, ምዕራብ ጎጃም, አማራ",አማራ,ምዕራብ ጎጃም,ደንገል ምዕራብ ጎጃም አማራ
f920eea5-9b71-48a2-945e-bb394c1971e0,መንዳባ,"መንዳባ, ሰሜን ጎንደር, አማራ",አማራ,ሰሜን ጎንደር,መንዳባ ሰሜን ጎንደር አማራ
f9f621a2-5fdc-4d7e-93de-c0fa46f973ff,ባገና አምባ,"ባገና አምባ, ሰሜን ጎንደር, አማራ",አማራ,ሰሜን ጎንደር,ባገና አምባ ሰሜን ጎንደር አማራ
fa88bcf2-42fe-4c19-8087-4d6faf5bf649,መልካ ጀብቲ,"መልካ ጀብቲ, ድሬ ዳዋ, ድሬ ዳዋ",ድሬ ዳዋ,ድሬ ዳዋ,መልካ ጀብቲ ድሬ ዳዋ ድሬ ዳዋ
fb3b0b78-5445-4378-9dcc-9f3e3a3eefa9,አብርሃ አዝባ,"አብርሃ አዝባ, ምስራቃዊ, ትግራይ",ትግራይ,ምስራቃዊ,አብርሃ አዝባ ምስራቃዊ ትግራይ
fb61bc0f-939c-4f95-a433-132dc5386dbe,ጀሙ,"ጀሙ, ቤንች ማጂ, ደቡብ ብሔሮች ብሔረሰቦችና ሕዝቦች ክልል",ደቡብ ብሔሮች ብሔረሰቦችና ሕዝቦች ክልል,ቤንች ማጂ,ጀሙ ቤንች ማጂ ደቡብ ብሔሮች ብሔረሰቦችና ሕዝቦች ክልል
fbb6bbd6-65e3-456a-ad4b-f37654c94944,አሳይታ,"አሳይታ, አፋር ዞን 1, አፋር",አፋር,አፋር ዞን 1,አሳይታ አፋር ዞን 1 አፋር
fbfbeb97-7695-4285-a29a-a1226cf65d41,ማንዳ,"ማንዳ, አፋር ዞን 1, አፋር",አፋር,አፋር ዞን 1,ማንዳ አፋር ዞን 1 አፋር
fc75692c-ba19-4d1c-8071-f783b8d9d9dc,ኢዳቦ,"ኢዳቦ, ባሌ, ኦሮሚያ",ኦሮሚያ,ባሌ,ኢዳቦ ባሌ ኦሮሚያ
fce6a5da-893f-4b0f-821c-9f4f8c254a42,አልጌታ,"አልጌታ, አፋር ዞን 3, አፋር",አፋር,አፋር ዞን 3,አልጌታ አፋር ዞን 3 አፋር
fda6d6f2-0666-4b70-8a32-4eb24bbf4b07,ጎደር,"ጎደር, አፍዴር, ሶማሊ",ሶማሊ,አፍዴር,ጎደር አፍዴር ሶማሊ
fdaf022e-71c8-427e-8be6-c4130e7eeeb1,አፋምቦ,"አፋምቦ, አፋር ዞን 1, አፋር",አፋር,አፋር ዞን 1,አፋምቦ አፋር ዞን 1 አፋር
fe89e838-9265-4179-9b01-2a1e113614c4,ቡልቂ,"ቡልቂ, ሰሜን ኦሞ, ደቡብ ብሔሮች ብሔረሰቦችና ሕዝቦች ክልል",ደቡብ ብሔሮች ብሔረሰቦችና ሕዝቦች ክልል,ሰሜን ኦሞ,ቡልቂ ሰሜን ኦሞ ደቡብ ብሔሮች ብሔረሰቦችና ሕዝቦች ክልል
ff09f55a-8cee-4652-91b2-27ad9074337a,ኤል ቆራን,"ኤል ቆራን, አፍዴር, ሶማሊ",ሶማሊ,አፍዴር,ኤል ቆራን አፍዴር ሶማሊ